abandonar,transitive,0
abanicar,transitive,0
abaratar,transitive,0
abarcar,transitive,0
abastecer,transitive,0
abatatar,transitive,0
abatir,transitive,0
abdicar,transitive,intransitive
ablandar,transitive,0
abochornar,transitive,0
abollar,transitive,0
abominar,transitive,intransitive
abortar,transitive,intransitive
abrazar,transitive,0
abrevar,transitive,0
abreviar,transitive,0
abrigar,transitive,0
abrir,transitive,0
absorber,transitive,0
abultar,transitive,0
abundar,transitive,0
aburrir,transitive,0
acabar,transitive,0
acallar,transitive,0
acariciar,transitive,0
acarrear,transitive,0
acatar,transitive,0
acceder,transitive,intransitive
acechar,transitive,0
acelerar,transitive,0
aceptar,transitive,0
acercar,transitive,0
acertar,transitive,intransitive
achatar,transitive,0
achicar,transitive,0
acibarar,transitive,0
acicalar,transitive,0
aclarar,transitive,0
acobardar,transitive,intransitive
acoger,transitive,0
acometer,transitive,0
acomodar,transitive,0
acompañar,transitive,0
acontecer,transitive,intransitive
acortar,transitive,intransitive
acostar,transitive,0
acostumbrar,transitive,0
acrecentar,transitive,0
actuar,transitive,intransitive
acuchillar,transitive,0
acudir,transitive,intransitive
acumular,transitive,0
acunar,transitive,0
acurrucar,0,0
adelantar,transitive,0
adelgazar,transitive,0
adherir,transitive,0
adiestrar,transitive,0
adivinar,transitive,0
admirar,transitive,0
admitir,transitive,0
adobar,transitive,0
adoctrinar,transitive,0
adormecer,transitive,0
adornar,transitive,0
adquirir,transitive,0
adular,transitive,0
advertir,transitive,0
afilar,transitive,0
afinar,transitive,0
afligir,transitive,0
aflojar,transitive,0
agarrar,transitive,0
agasajar,transitive,0
agitar,transitive,0
agonizar,transitive,intransitive
agotar,transitive,0
agrandar,transitive,0
agravar,transitive,0
agraviar,transitive,0
agregar,transitive,0
agriar,transitive,0
agrietar,transitive,0
agrupar,transitive,0
aguantar,transitive,0
agujerear,transitive,0
ahogar,transitive,0
ahondar,transitive,0
ahorcar,transitive,0
ahorrar,transitive,intransitive
ahuecar,transitive,0
ahumar,transitive,0
ahuyentar,transitive,0
airear,transitive,0
ajar,0,0
alabar,transitive,0
alargar,transitive,0
albergar,transitive,0
alborotar,transitive,0
alcanzar,transitive,0
alegrar,transitive,0
alejar,transitive,0
aletear,transitive,intransitive
alimentar,transitive,0
alisar,0,0
alistar,transitive,0
alivianar,transitive,0
aliviar,transitive,0
almorzar,transitive,0
alojar,transitive,intransitive
alternar,transitive,0
alumbrar,transitive,intransitive
alzar,transitive,0
amamantar,transitive,0
amanecer,transitive,intransitive
amansar,transitive,0
amargar,transitive,0
amarrar,transitive,0
amasar,transitive,0
ambicionar,transitive,0
amedrentar,transitive,0
amonestar,transitive,0
amontonar,transitive,0
amordazar,transitive,0
ampliar,transitive,0
ampollar,0,0
andar,transitive,intransitive
anegar,transitive,0
anexar,transitive,0
anhelar,transitive,0
anidar,transitive,intransitive
animar,transitive,0
anochecer,transitive,intransitive
anudar,transitive,0
anular,0,0
anunciar,transitive,0
apaciguar,transitive,0
apagar,transitive,0
apalabrar,transitive,0
aparecer,transitive,intransitive
aparentar,transitive,intransitive
apartar,transitive,0
apasionar,transitive,0
apear,transitive,0
apenar,transitive,0
apercibir,transitive,0
apestar,transitive,0
apetecer,transitive,0
apilar,transitive,0
apisonar,transitive,0
apiñar,transitive,0
aplanar,transitive,0
aplastar,transitive,0
aplaudir,transitive,0
aplazar,transitive,0
apocopar,transitive,0
apodar,transitive,0
aporcar,transitive,0
apostar,transitive,0
apoyar,transitive,0
apreciar,transitive,0
aprehender,transitive,0
apremiar,transitive,0
aprender,transitive,intransitive
apresar,transitive,0
apresurar,transitive,0
apretar,transitive,0
aprobar,transitive,0
aproximar,transitive,0
apuntalar,transitive,0
apurar,transitive,0
apuñalar,transitive,0
arar,0,0
arañar,transitive,0
archivar,transitive,0
arengar,transitive,intransitive
arquear,transitive,0
arrancar,transitive,0
arrastrar,transitive,0
arrebatar,transitive,0
arreglar,transitive,0
arremeter,transitive,0
arriar,transitive,0
arribar,transitive,intransitive
arrimar,transitive,0
arrinconar,transitive,0
arrodillar,transitive,0
arrojar,transitive,0
arrollar,transitive,0
arropar,transitive,0
arrugar,transitive,0
arrullar,transitive,0
asar,transitive,0
ascender,transitive,intransitive
asear,transitive,0
asegurar,transitive,0
asentar,transitive,0
asentir,transitive,intransitive
aserrar,transitive,0
asesinar,transitive,0
asesorar,transitive,0
asfixiar,transitive,0
asir,transitive,0
asociar,transitive,0
asomar,transitive,0
aspirar,transitive,0
asquear,transitive,intransitive
asustar,transitive,0
atacar,transitive,0
atajar,transitive,intransitive
atar,transitive,0
atascar,transitive,0
atemorizar,transitive,0
atender,transitive,intransitive
atenuar,transitive,0
aterrizar,transitive,intransitive
atestar,transitive,0
atisbar,transitive,0
atontar,transitive,0
atorar,transitive,intransitive
atormentar,transitive,0
atraer,transitive,0
atrapar,transitive,0
atrasar,transitive,0
atronar,transitive,0
aturdir,transitive,0
augurar,transitive,0
aullar,transitive,intransitive
aumentar,transitive,intransitive
autenticar,transitive,0
aventajar,transitive,0
aventar,transitive,0
avergonzar,transitive,0
averiguar,transitive,0
avisar,transitive,0
avivar,transitive,0
ayudar,transitive,0
ayunar,transitive,intransitive
azotar,transitive,0
azuzar,transitive,0
añadir,transitive,0
añejar,transitive,0
añorar,transitive,intransitive
bailar,transitive,intransitive
bajar,transitive,intransitive
balancear,transitive,0
balbucear,transitive,intransitive
barbotar,transitive,intransitive
barrer,transitive,0
batir,transitive,0
bautizar,transitive,0
bañar,transitive,0
beber,transitive,intransitive
bendecir,transitive,0
beneficiar,transitive,0
blanquear,transitive,0
borbotar,transitive,intransitive
borbotear,transitive,intransitive
borrar,transitive,0
bostezar,transitive,intransitive
boyar,transitive,intransitive
bracear,transitive,intransitive
bramar,transitive,intransitive
brillar,transitive,intransitive
brincar,transitive,intransitive
bromear,transitive,intransitive
bufar,transitive,intransitive
bullir,transitive,intransitive
burbujear,transitive,intransitive
burlar,transitive,0
buscar,transitive,0
cabecear,transitive,intransitive
caber,transitive,intransitive
cabriolar,transitive,intransitive
cacarear,transitive,intransitive
caer,transitive,intransitive
cagar,transitive,intransitive
calcular,transitive,0
calentar,transitive,0
callar,transitive,0
calmar,transitive,0
calumniar,transitive,0
cambiar,transitive,intransitive
caminar,transitive,0
canjear,transitive,0
cansar,transitive,0
cantar,transitive,intransitive
capacitar,transitive,0
captar,transitive,0
capturar,transitive,0
carcomer,transitive,0
cardar,transitive,0
carear,transitive,0
cargar,transitive,0
casar,transitive,intransitive
castellanizar,transitive,0
castigar,transitive,0
causar,transitive,0
cautivar,transitive,0
cavar,transitive,0
cazar,transitive,0
cebar,transitive,0
cecear,transitive,intransitive
ceder,transitive,0
cegar,transitive,0
celebrar,transitive,0
cenar,0,0
centellear,transitive,intransitive
centrar,transitive,0
cernir,transitive,0
cerrar,transitive,0
cesar,transitive,intransitive
chapuzar,transitive,intransitive
charlar,transitive,intransitive
chicotear,transitive,0
chillar,transitive,intransitive
chirriar,transitive,intransitive
chispear,transitive,intransitive
chisporrotear,transitive,intransitive
chocar,transitive,intransitive
chorrear,transitive,intransitive
chupar,transitive,intransitive
circular,0,0
circuncidar,transitive,0
circundar,transitive,0
clarificar,transitive,0
clausurar,transitive,0
clavar,transitive,0
cobijar,transitive,0
cocear,transitive,intransitive
cocer,transitive,0
cocinar,transitive,intransitive
codiciar,transitive,0
coger,transitive,0
cohabitar,transitive,intransitive
coincidir,transitive,intransitive
colaborar,transitive,intransitive
colar,transitive,0
colgar,transitive,0
colmar,transitive,0
colocar,transitive,0
colorear,transitive,0
columpiar,transitive,0
combar,transitive,0
comenzar,transitive,0
comer,transitive,intransitive
comerciar,transitive,intransitive
compadecer,transitive,0
comparar,transitive,0
completar,transitive,0
complicar,transitive,0
componer,transitive,0
comprar,transitive,0
comprender,transitive,0
comprometer,transitive,0
computar,transitive,0
comunicar,transitive,0
conceder,transitive,0
concluir,transitive,intransitive
concurrir,transitive,intransitive
condensar,transitive,0
condimentar,transitive,0
conducir,transitive,0
confeccionar,transitive,0
confesar,transitive,0
confiar,transitive,0
confirmar,transitive,0
confundir,transitive,0
congelar,transitive,0
congratular,transitive,0
conocer,transitive,0
conseguir,transitive,0
consentir,transitive,intransitive
conservar,transitive,0
consolar,transitive,0
construir,transitive,0
contagiar,transitive,0
contaminar,transitive,0
contar,transitive,0
contemplar,transitive,0
contestar,transitive,intransitive
contradecir,transitive,0
conversar,transitive,intransitive
convertir,transitive,0
convidar,transitive,0
cooperar,transitive,intransitive
corcovear,transitive,intransitive
corregir,transitive,0
correr,transitive,intransitive
corromper,transitive,0
cortar,transitive,0
cortejar,transitive,0
cosechar,transitive,intransitive
coser,transitive,0
costar,transitive,intransitive
cotizar,transitive,0
crear,transitive,0
crecer,transitive,intransitive
creer,transitive,0
crepitar,transitive,intransitive
criar,transitive,0
criticar,transitive,0
croar,transitive,intransitive
crujir,transitive,intransitive
cruzar,transitive,0
cuajar,0,0
cubrir,transitive,0
cuchichear,transitive,intransitive
cuidar,transitive,0
cultivar,transitive,0
cumplir,transitive,0
curar,transitive,0
damnificar,transitive,0
danzar,transitive,intransitive
dar,transitive,0
datar,transitive,0
dañar,transitive,0
debilitar,transitive,0
debutar,transitive,intransitive
decapitar,transitive,0
decir,transitive,0
decolorar,transitive,0
deducir,transitive,0
defecar,transitive,0
defender,transitive,0
deformar,transitive,0
defraudar,transitive,0
degenerar,transitive,intransitive
degollar,transitive,0
delatar,transitive,0
delirar,transitive,intransitive
demoler,transitive,0
demorar,transitive,0
denegar,transitive,0
denominar,transitive,0
denunciar,transitive,0
depauperar,transitive,0
depender,transitive,intransitive
deplorar,transitive,0
deportar,transitive,0
deprimir,transitive,0
depurar,transitive,0
derogar,transitive,0
derramar,transitive,0
derretir,transitive,0
derribar,transitive,0
derrocar,transitive,0
derrotar,transitive,0
derruir,transitive,0
derrumbar,transitive,0
desacatar,transitive,0
desafiar,transitive,0
desafilar,transitive,0
desagraviar,transitive,0
desaguar,transitive,0
desairar,transitive,0
desalojar,transitive,0
desamparar,transitive,0
desaparecer,transitive,intransitive
desarrollar,transitive,0
desatar,transitive,0
desatender,transitive,0
desayunar,transitive,intransitive
desbordar,transitive,0
descabezar,transitive,0
descansar,transitive,intransitive
descargar,transitive,0
descarriar,transitive,0
descarrilar,transitive,intransitive
descartar,transitive,0
descascarar,transitive,0
descender,transitive,0
descolgar,transitive,0
descomponer,transitive,0
desconfiar,transitive,intransitive
descorazonar,transitive,0
descorchar,transitive,0
descortezar,transitive,0
descoser,transitive,0
descoyuntar,transitive,0
descuartizar,transitive,0
descubrir,transitive,0
descuidar,transitive,0
desdecir,transitive,0
desdoblar,transitive,0
desear,transitive,0
desechar,transitive,0
desembarcar,transitive,0
desembolsar,transitive,0
desemborrachar,transitive,0
desembrollar,transitive,0
desembuchar,transitive,0
desemparejar,transitive,0
desempatar,transitive,intransitive
desempolvar,transitive,0
desencabestrar,transitive,0
desencadenar,transitive,0
desencantar,transitive,0
desengrasar,transitive,0
desenlazar,transitive,0
desenredar,transitive,0
desenterrar,transitive,0
desenvainar,transitive,0
desenvolver,transitive,0
desertar,transitive,intransitive
desesperar,transitive,intransitive
desfallecer,transitive,0
desfibrar,transitive,0
desfigurar,transitive,0
desflorar,transitive,0
desgarrar,transitive,0
desgraciar,transitive,0
desgranar,transitive,0
deshacer,transitive,0
deshilar,transitive,0
deslenguar,transitive,0
desliar,transitive,0
deslucir,transitive,0
deslumbrar,transitive,0
desmalezar,transitive,0
desmejorar,transitive,0
desmenuzar,transitive,0
desmontar,transitive,0
desmotar,transitive,0
desnatar,transitive,0
desnucar,transitive,0
desnudar,transitive,0
desobedecer,transitive,0
desocupar,transitive,0
desollar,transitive,0
desordenar,transitive,0
desorejar,transitive,0
desovar,transitive,intransitive
desparramar,transitive,0
despechar,transitive,0
despedazar,transitive,0
despegar,transitive,0
despellejar,transitive,0
despertar,transitive,0
despintar,transitive,0
despiojar,transitive,0
desplegar,transitive,0
despojar,transitive,0
despotricar,transitive,intransitive
despreciar,transitive,0
despuntar,transitive,0
destapar,transitive,0
desterrar,transitive,0
destetar,transitive,0
desteñir,transitive,intransitive
destilar,transitive,0
destituir,transitive,0
destripar,transitive,0
destruir,transitive,0
desunir,transitive,0
desvainar,transitive,0
desvariar,transitive,intransitive
desvelar,transitive,0
desvestir,transitive,0
desviar,transitive,0
desvirgar,transitive,0
detener,transitive,0
deteriorar,transitive,0
detonar,transitive,0
devolver,transitive,0
devorar,transitive,0
dibujar,transitive,0
difamar,transitive,0
diferenciar,transitive,0
diferir,transitive,0
dificultar,transitive,0
difundir,transitive,0
dignificar,transitive,0
dilapidar,transitive,0
dilatar,transitive,0
diluir,transitive,0
dirigir,transitive,0
disculpar,transitive,0
discursear,transitive,intransitive
discutir,transitive,0
disecar,transitive,0
diseminar,transitive,0
disentir,transitive,intransitive
disgustar,transitive,0
disimular,transitive,intransitive
disipar,transitive,0
dislocar,transitive,0
disminuir,transitive,intransitive
disolver,transitive,0
disparar,transitive,0
disparatar,transitive,intransitive
disponer,transitive,0
disputar,transitive,0
distar,transitive,intransitive
distinguir,transitive,0
divertir,transitive,0
dividir,transitive,0
divulgar,transitive,0
doblar,transitive,0
doler,transitive,intransitive
domar,transitive,0
domesticar,transitive,0
dominar,transitive,0
dorar,transitive,0
dormir,transitive,intransitive
dormitar,transitive,intransitive
dudar,transitive,0
duplicar,transitive,0
durar,transitive,intransitive
echar,transitive,0
economizar,transitive,0
edificar,transitive,0
educar,transitive,0
efectuar,transitive,0
ejecutar,transitive,0
elegir,transitive,0
elevar,transitive,0
eliminar,transitive,0
elogiar,transitive,0
eludir,transitive,0
emanar,transitive,intransitive
emancipar,transitive,0
embadurnar,transitive,0
embalar,transitive,0
embanderar,transitive,0
embarazar,transitive,0
embarrar,transitive,0
embarullar,transitive,0
embaucar,transitive,0
embaular,transitive,0
embeber,transitive,0
embelesar,transitive,0
embellecer,transitive,0
embestir,transitive,intransitive
embobar,transitive,0
embolsar,transitive,0
emborrachar,transitive,0
emboscar,transitive,0
embotar,transitive,0
embotellar,transitive,0
embravecer,transitive,0
embriagar,transitive,0
embrujar,transitive,0
embutir,transitive,0
emocionar,transitive,0
empachar,transitive,0
empapar,transitive,0
empaquetar,transitive,0
emparejar,transitive,0
empatar,transitive,intransitive
empeorar,transitive,intransitive
empequeñecer,transitive,intransitive
empezar,transitive,0
emplear,transitive,0
emplumar,transitive,0
empobrecer,transitive,0
empollar,transitive,intransitive
empujar,transitive,0
enaltecer,transitive,0
enamorar,transitive,0
enardecer,transitive,0
encabestrar,transitive,0
encabezar,transitive,0
encajar,transitive,intransitive
encajonar,transitive,0
encaminar,transitive,0
encandilar,transitive,intransitive
encarcelar,transitive,0
encariñar,transitive,0
encender,transitive,0
encenizar,transitive,0
encestar,transitive,0
encimar,transitive,intransitive
encoger,transitive,0
encolar,transitive,0
encolerizar,transitive,0
encomendar,transitive,0
encontrar,transitive,0
encorvar,transitive,0
encubrir,transitive,0
encumbrar,transitive,0
enderezar,transitive,0
endiosar,transitive,0
endulzar,transitive,0
endurecer,transitive,0
enemistar,transitive,0
enfadar,transitive,0
enfermar,transitive,0
enflaquecer,transitive,0
enfrentar,transitive,0
enfriar,transitive,intransitive
enfurecer,transitive,0
engalanar,transitive,0
engañar,transitive,0
engendrar,transitive,intransitive
engomar,transitive,0
engordar,transitive,intransitive
engrandecer,transitive,0
engrasar,transitive,0
engrillar,transitive,0
engrosar,transitive,0
engullir,transitive,intransitive
enhebrar,transitive,0
enjugar,transitive,0
enlazar,transitive,0
enmohecer,transitive,intransitive
enmudecer,transitive,0
ennegrecer,transitive,0
enojar,transitive,0
enredar,transitive,0
enriquecer,transitive,0
enristrar,transitive,0
enrojecer,transitive,0
enrollar,transitive,0
ensalzar,transitive,0
ensanchar,transitive,0
ensangrentar,transitive,0
enseñar,transitive,0
ensortijar,transitive,0
ensuciar,transitive,0
entender,transitive,0
enterar,transitive,0
enternecer,transitive,0
enterrar,transitive,0
entontecer,transitive,0
entornar,transitive,0
entrar,transitive,intransitive
entreabrir,transitive,0
entregar,transitive,0
entresacar,transitive,0
entretejer,transitive,0
entreverar,transitive,0
entrevistar,transitive,0
entristecer,transitive,intransitive
enturbiar,transitive,0
entusiasmar,transitive,0
enumerar,transitive,0
envalentonar,transitive,0
envasar,transitive,0
envenenar,transitive,0
enviar,transitive,0
envolver,transitive,0
equiparar,transitive,0
errar,transitive,intransitive
escampar,transitive,intransitive
escanciar,transitive,0
escapar,transitive,intransitive
escarbar,transitive,0
escasear,transitive,intransitive
esclarecer,transitive,0
escoger,transitive,intransitive
esconder,transitive,0
escribir,transitive,intransitive
escuchar,transitive,0
esculpir,transitive,0
escupir,transitive,intransitive
escurrir,transitive,0
espaciar,transitive,0
espantar,transitive,intransitive
esparcir,transitive,0
esperar,transitive,0
espesar,transitive,0
espiar,transitive,0
esponjar,transitive,0
esposar,transitive,0
espulgar,transitive,0
esquivar,transitive,0
establecer,transitive,0
estafar,transitive,0
estallar,transitive,intransitive
estancar,transitive,0
estar,0,0
estilar,transitive,intransitive
estimar,transitive,0
estimular,transitive,0
estirar,transitive,0
estorbar,transitive,0
estornudar,transitive,intransitive
estrangular,transitive,0
estrechar,transitive,0
estremecer,transitive,0
estrenar,transitive,0
estribar,transitive,intransitive
estropear,transitive,0
estrujar,transitive,0
estudiar,transitive,0
eternizar,transitive,0
evacuar,transitive,0
evaluar,transitive,0
evocar,transitive,0
exaltar,transitive,0
existir,transitive,intransitive
expeler,transitive,0
expirar,transitive,intransitive
explicar,transitive,0
explotar,transitive,0
expresar,transitive,0
exprimir,transitive,0
expulsar,transitive,0
extender,transitive,0
exterminar,transitive,0
extirpar,transitive,0
extraer,transitive,0
extraviar,transitive,0
exudar,transitive,0
eyacular,transitive,0
fabricar,transitive,0
faenar,transitive,0
fallar,transitive,intransitive
fallecer,transitive,intransitive
faltar,transitive,intransitive
fastidiar,transitive,0
fatigar,transitive,0
favorecer,transitive,0
fechar,transitive,0
fecundar,transitive,0
felicitar,transitive,0
festejar,transitive,0
fijar,transitive,0
finalizar,transitive,0
fingir,transitive,0
flagelar,transitive,0
flamear,transitive,0
flechar,transitive,0
flexionar,transitive,0
flirtear,transitive,intransitive
florear,transitive,0
florecer,transitive,intransitive
flotar,transitive,intransitive
fluctuar,transitive,intransitive
fluir,transitive,intransitive
forcejear,transitive,intransitive
forjar,transitive,0
formar,transitive,0
fornicar,transitive,intransitive
forrar,transitive,0
fortalecer,transitive,0
forzar,transitive,0
fracasar,transitive,intransitive
fraccionar,transitive,0
fracturar,transitive,0
fraguar,transitive,0
fraternizar,transitive,intransitive
fregar,transitive,0
frenar,transitive,0
freír,transitive,intransitive
friccionar,transitive,0
frotar,transitive,0
fruncir,transitive,0
fumar,transitive,intransitive
funcionar,transitive,intransitive
fundir,transitive,intransitive
galantear,transitive,0
gambetear,transitive,intransitive
ganguear,transitive,intransitive
gemir,transitive,intransitive
generalizar,transitive,0
girar,transitive,0
glorificar,transitive,0
gobernar,transitive,intransitive
golpear,transitive,intransitive
gotear,transitive,intransitive
gozar,transitive,0
grabar,transitive,0
gritar,transitive,intransitive
gruñir,transitive,intransitive
guardar,transitive,0
guarecer,transitive,0
guerrear,transitive,intransitive
guiar,transitive,0
guisar,transitive,0
guiñar,transitive,0
gustar,transitive,0
haber,0,0
habitar,transitive,intransitive
habituar,transitive,0
hablar,transitive,intransitive
hacer,transitive,0
halagar,transitive,0
hallar,transitive,0
haraganear,transitive,intransitive
hartar,transitive,0
hechizar,transitive,0
heder,transitive,intransitive
herir,transitive,0
hermosear,transitive,0
hervir,transitive,intransitive
hilar,transitive,0
hincar,transitive,0
hinchar,transitive,0
hipar,transitive,intransitive
hojear,transitive,0
honrar,transitive,0
horadar,transitive,0
hormiguear,transitive,intransitive
hospedar,transitive,0
hostigar,transitive,0
huir,transitive,intransitive
humanizar,transitive,0
humear,transitive,intransitive
humedecer,transitive,0
humillar,transitive,0
hundir,transitive,0
hurgar,transitive,0
hurtar,transitive,0
igualar,transitive,0
iluminar,transitive,0
ilustrar,transitive,0
impacientar,transitive,0
implorar,transitive,0
importunar,transitive,0
imposibilitar,transitive,0
impresionar,transitive,0
impugnar,transitive,0
impulsar,transitive,0
incendiar,transitive,0
incinerar,transitive,0
inclinar,transitive,0
incluir,transitive,0
incomodar,transitive,0
incomunicar,transitive,0
incorporar,transitive,0
incrementar,transitive,0
increpar,transitive,0
indagar,transitive,0
indigestar,0,0
infestar,transitive,0
inflamar,transitive,0
inflar,transitive,0
informar,transitive,0
ingerir,transitive,0
ingresar,transitive,0
iniciar,transitive,0
injuriar,transitive,0
innovar,transitive,0
inquietar,transitive,0
inquirir,transitive,0
insinuar,transitive,0
insistir,transitive,intransitive
instigar,transitive,0
instruir,transitive,0
insultar,transitive,0
intentar,transitive,0
intercalar,0,0
intercambiar,transitive,0
interceder,transitive,intransitive
interceptar,transitive,0
interrogar,transitive,0
intervenir,transitive,0
intimar,transitive,0
intoxicar,transitive,0
intranquilizar,transitive,0
introducir,transitive,0
invadir,transitive,0
inventar,transitive,0
invertir,transitive,0
investigar,transitive,0
invitar,transitive,0
inyectar,transitive,0
ir,transitive,intransitive
irrigar,transitive,0
irritar,transitive,0
irrumpir,transitive,intransitive
jadear,transitive,intransitive
jalonar,transitive,0
jugar,transitive,intransitive
juguetear,transitive,intransitive
juntar,transitive,0
jurar,transitive,0
justipreciar,transitive,0
labrar,transitive,0
lacerar,transitive,0
lactar,transitive,0
ladear,transitive,intransitive
ladrar,transitive,intransitive
lamentar,transitive,intransitive
lamer,transitive,0
lanzar,transitive,0
lapidar,transitive,0
largar,transitive,0
lastimar,transitive,0
latir,transitive,intransitive
lavar,transitive,0
leer,transitive,0
levantar,transitive,0
liar,transitive,0
libar,transitive,intransitive
liberar,transitive,0
librar,transitive,0
licuar,transitive,0
ligar,transitive,0
lijar,transitive,0
limar,transitive,0
limitar,transitive,0
limpiar,transitive,0
liquidar,transitive,0
lisiar,transitive,0
lisonjear,transitive,0
litigar,transitive,0
llagar,transitive,0
llegar,transitive,intransitive
llenar,transitive,0
llevar,transitive,0
llorar,transitive,intransitive
lloriquear,transitive,intransitive
llover,transitive,intransitive
lloviznar,transitive,intransitive
lubricar,transitive,0
luchar,transitive,intransitive
lucir,transitive,intransitive
lustrar,transitive,0
machacar,transitive,0
machucar,transitive,0
madurar,transitive,0
magnificar,transitive,0
maldecir,transitive,0
maleficiar,transitive,0
malgastar,transitive,0
malograr,transitive,0
maltratar,transitive,0
mamar,transitive,intransitive
manar,transitive,intransitive
manchar,transitive,0
mancillar,transitive,0
mandar,transitive,0
manear,transitive,0
manejar,transitive,0
maniatar,transitive,0
manifestar,transitive,0
manosear,transitive,0
mantener,transitive,0
marcar,transitive,0
marchitar,transitive,0
marear,transitive,0
marginar,transitive,0
martirizar,transitive,0
mascar,transitive,0
mascullar,transitive,0
masticar,transitive,0
matar,transitive,0
matear,transitive,0
mear,transitive,intransitive
mecer,transitive,0
medicar,transitive,0
meditar,transitive,intransitive
mejorar,transitive,0
mellar,transitive,0
memorar,transitive,0
mencionar,transitive,0
menear,transitive,0
menoscabar,transitive,0
menospreciar,transitive,0
mentir,transitive,intransitive
mermar,transitive,0
meter,transitive,0
mezclar,transitive,0
migrar,transitive,intransitive
mimar,transitive,0
mirar,transitive,intransitive
mitigar,transitive,0
modelar,transitive,0
moderar,transitive,0
modificar,transitive,0
mojar,transitive,0
moler,transitive,0
molestar,transitive,0
mondar,transitive,0
morar,transitive,intransitive
morder,transitive,0
mordisquear,transitive,0
morir,transitive,intransitive
motejar,transitive,0
mover,transitive,0
movilizar,transitive,0
mudar,0,0
mugir,transitive,intransitive
multiplicar,transitive,intransitive
murmurar,transitive,intransitive
nacer,transitive,intransitive
nacionalizar,transitive,0
nadar,transitive,intransitive
narcotizar,transitive,0
narrar,transitive,0
nasalizar,transitive,0
naufragar,transitive,intransitive
necesitar,transitive,intransitive
negar,transitive,0
negociar,transitive,intransitive
nombrar,transitive,0
notificar,transitive,0
nutrir,transitive,0
obedecer,transitive,0
objetar,transitive,0
obligar,transitive,0
obrar,transitive,0
obscurecer,0,0
obsequiar,transitive,0
observar,transitive,0
obstaculizar,transitive,0
obstar,transitive,intransitive
obstruir,transitive,0
obturar,transitive,0
ocultar,transitive,0
ocupar,transitive,0
ocurrir,transitive,intransitive
odiar,transitive,0
ofender,transitive,0
ofertar,transitive,0
ofrecer,transitive,0
ofrendar,transitive,0
ondear,transitive,0
ondular,transitive,0
operar,transitive,0
oprimir,transitive,0
orar,transitive,intransitive
ordenar,transitive,0
ordeñar,transitive,0
orientar,transitive,0
originar,transitive,0
orillar,transitive,0
orinar,transitive,intransitive
ornamentar,transitive,0
osar,0,0
oscilar,transitive,intransitive
oscurecer,transitive,0
otorgar,transitive,0
ovillar,transitive,intransitive
oxidar,transitive,0
pacificar,transitive,0
pactar,transitive,0
pagar,transitive,0
paladear,transitive,0
paliar,transitive,0
palidecer,transitive,intransitive
palmear,transitive,intransitive
palmotear,transitive,intransitive
palpar,transitive,0
palpitar,transitive,intransitive
paralizar,transitive,0
parar,transitive,0
parear,transitive,0
parecer,0,0
parir,transitive,intransitive
parlar,transitive,0
participar,transitive,intransitive
partir,transitive,0
pasar,transitive,0
pasear,transitive,intransitive
pasmar,transitive,0
pastorear,transitive,0
patalear,transitive,intransitive
patear,transitive,0
patentar,transitive,0
patinar,transitive,intransitive
pedir,transitive,0
peer,transitive,intransitive
pegar,transitive,0
peinar,transitive,0
pelar,transitive,0
pelear,transitive,intransitive
pellizcar,transitive,0
penar,transitive,0
penetrar,transitive,intransitive
pensar,transitive,0
percibir,transitive,0
perder,transitive,0
perdonar,transitive,0
perdurar,transitive,intransitive
perecer,transitive,intransitive
perfeccionar,transitive,0
perforar,transitive,0
perfumar,transitive,0
pergeñar,transitive,0
perjudicar,transitive,0
perjurar,transitive,intransitive
permanecer,transitive,intransitive
permitir,transitive,0
permutar,transitive,0
pernoctar,transitive,intransitive
perpetuar,transitive,0
perseguir,transitive,0
persistir,transitive,intransitive
persuadir,transitive,0
perturbar,transitive,0
pervertir,transitive,0
pescar,transitive,0
pestañear,transitive,intransitive
petrificar,transitive,0
picanear,transitive,0
picar,transitive,0
picotear,transitive,0
pillar,transitive,0
pinchar,transitive,0
pintar,transitive,0
pisar,transitive,0
pisotear,transitive,0
pitar,transitive,0
planchar,transitive,0
plantar,transitive,0
platicar,transitive,intransitive
plegar,transitive,0
pleitear,transitive,0
podar,transitive,0
poder,transitive,0
ponderar,transitive,0
poner,transitive,0
portar,transitive,0
posar,transitive,0
poseer,transitive,0
postergar,transitive,0
postrar,transitive,0
practicar,transitive,0
preceder,transitive,intransitive
precisar,transitive,0
predecir,transitive,0
predisponer,transitive,0
predominar,transitive,intransitive
preferir,transitive,0
pregonar,transitive,0
preguntar,transitive,0
premiar,transitive,0
prender,transitive,0
prensar,transitive,0
preocupar,transitive,0
preparar,transitive,0
presagiar,transitive,0
prescribir,transitive,0
presenciar,transitive,0
presentar,transitive,0
presentir,transitive,0
preservar,transitive,0
prestar,transitive,0
presumir,transitive,0
pretender,transitive,0
prevalecer,transitive,intransitive
preñar,transitive,0
principiar,transitive,intransitive
privar,transitive,0
proceder,transitive,intransitive
proclamar,transitive,0
procrear,transitive,intransitive
procurar,transitive,0
producir,transitive,0
profanar,transitive,0
profetizar,transitive,0
profundizar,transitive,intransitive
progresar,transitive,intransitive
prohibir,transitive,0
prolongar,transitive,0
prometer,transitive,0
promover,transitive,0
pronosticar,transitive,0
pronunciar,transitive,0
propagar,transitive,0
propalar,transitive,0
propinar,transitive,0
proporcionar,transitive,0
propulsar,transitive,0
prorrogar,transitive,0
prorrumpir,transitive,intransitive
proseguir,transitive,0
prosperar,transitive,intransitive
proteger,transitive,0
protestar,transitive,0
proveer,transitive,0
provenir,transitive,intransitive
provocar,transitive,intransitive
proyectar,transitive,0
publicar,transitive,0
pugnar,transitive,intransitive
pulir,transitive,0
pulsar,transitive,0
pulular,transitive,intransitive
pulverizar,transitive,0
puntear,transitive,0
punzar,transitive,0
purificar,transitive,0
quebrantar,transitive,0
quebrar,transitive,0
quedar,transitive,intransitive
quemar,transitive,0
querer,transitive,0
quitar,transitive,0
rabiar,transitive,intransitive
radicar,transitive,intransitive
rajar,transitive,0
ralear,transitive,intransitive
rallar,transitive,0
ramificar,transitive,intransitive
rapar,transitive,0
rascar,transitive,0
rasgar,transitive,0
rasguñar,transitive,0
raspar,transitive,0
rasurar,transitive,0
rayar,transitive,0
razonar,transitive,0
reaccionar,transitive,intransitive
realizar,transitive,0
reanimar,transitive,0
rebanar,transitive,0
rebatir,transitive,0
rebosar,transitive,intransitive
rebotar,transitive,intransitive
recalcar,transitive,0
recelar,transitive,0
rechazar,transitive,0
rechinar,transitive,intransitive
recibir,transitive,0
recluir,transitive,0
recobrar,transitive,0
recoger,transitive,0
recolectar,transitive,intransitive
recomendar,transitive,0
recompensar,transitive,0
reconciliar,transitive,0
reconfortar,transitive,0
reconocer,transitive,0
recordar,transitive,intransitive
recorrer,transitive,0
recostar,transitive,0
recrear,transitive,0
rectificar,transitive,0
recubrir,transitive,0
recular,transitive,intransitive
recuperar,transitive,0
redimir,transitive,0
redondear,transitive,0
reducir,transitive,0
reemplazar,transitive,0
referir,transitive,0
refinar,transitive,0
reflejar,transitive,0
reflexionar,transitive,intransitive
reformar,transitive,0
reforzar,transitive,0
refregar,transitive,0
refrenar,transitive,0
refrescar,transitive,0
refunfuñar,transitive,intransitive
refutar,transitive,0
regalar,transitive,0
regar,transitive,0
regañar,transitive,0
regir,transitive,0
registrar,transitive,0
reglamentar,transitive,0
regresar,transitive,0
regurgitar,transitive,intransitive
rehacer,transitive,0
rehuir,transitive,intransitive
rehusar,transitive,0
reinar,transitive,intransitive
relacionar,transitive,0
relampaguear,transitive,intransitive
relatar,transitive,0
relegar,transitive,0
relevar,transitive,0
rellenar,transitive,0
relucir,transitive,intransitive
relumbrar,transitive,intransitive
remar,transitive,intransitive
rematar,transitive,0
remediar,transitive,0
rememorar,transitive,0
remendar,transitive,0
remitir,transitive,0
remojar,transitive,0
remolcar,transitive,0
remontar,transitive,0
remover,transitive,0
remunerar,transitive,0
rendir,transitive,0
renovar,transitive,0
renunciar,transitive,intransitive
reparar,transitive,0
repartir,transitive,0
repeler,transitive,0
repetir,transitive,0
repiquetear,transitive,intransitive
replicar,transitive,intransitive
reponer,transitive,0
reposar,transitive,intransitive
reprender,transitive,0
representar,transitive,0
reprimir,transitive,0
reprobar,transitive,0
reprochar,transitive,0
reproducir,transitive,0
repudiar,transitive,0
repugnar,transitive,0
requebrar,transitive,0
resaltar,transitive,intransitive
resarcir,transitive,0
resbalar,transitive,intransitive
reservar,transitive,0
resguardar,transitive,0
residir,transitive,intransitive
resistir,transitive,0
resollar,transitive,intransitive
resoplar,transitive,intransitive
respaldar,0,0
respetar,transitive,0
respirar,transitive,intransitive
resplandecer,transitive,intransitive
responder,transitive,intransitive
restablecer,transitive,0
restar,transitive,0
restaurar,transitive,0
restringir,transitive,0
resucitar,transitive,0
resumir,transitive,0
retar,transitive,0
retardar,transitive,0
retener,transitive,0
retirar,transitive,0
retomar,transitive,0
retorcer,transitive,0
retornar,transitive,0
retozar,transitive,intransitive
retrasar,transitive,0
retribuir,transitive,0
retroceder,transitive,intransitive
retrucar,transitive,intransitive
reunir,transitive,0
revelar,transitive,0
reventar,transitive,0
reverberar,transitive,intransitive
reverenciar,transitive,0
revertir,transitive,intransitive
revisar,transitive,0
revolcar,transitive,0
revolotear,transitive,0
revolver,transitive,0
rezar,transitive,0
rezongar,transitive,intransitive
rezumar,transitive,intransitive
reír,transitive,0
reñir,transitive,0
robar,transitive,0
robustecer,transitive,0
rociar,transitive,0
rodar,transitive,0
rodear,transitive,0
roer,transitive,0
rogar,transitive,0
romper,transitive,0
roncar,transitive,intransitive
rondar,transitive,0
rozar,transitive,0
rugir,transitive,intransitive
rumiar,transitive,0
rumorear,transitive,intransitive
saborear,transitive,0
sacar,transitive,0
saciar,transitive,0
sacudir,transitive,0
salar,transitive,0
salir,transitive,intransitive
salivar,transitive,intransitive
saltar,transitive,0
saludar,transitive,0
sanar,transitive,0
sancionar,transitive,0
sancochar,transitive,0
sanear,transitive,0
sangrar,transitive,0
santiguar,transitive,0
saquear,transitive,0
satisfacer,transitive,0
sazonar,transitive,0
secar,transitive,0
seccionar,transitive,0
secuestrar,transitive,0
secundar,transitive,0
sedar,transitive,0
seducir,transitive,0
segar,transitive,0
segregar,transitive,0
seguir,transitive,intransitive
seleccionar,transitive,0
sembrar,transitive,intransitive
sentar,transitive,0
sentir,transitive,0
separar,transitive,0
sepultar,transitive,0
ser,0,0
sermonear,transitive,0
serpentear,transitive,intransitive
servir,transitive,intransitive
señalar,transitive,0
significar,transitive,0
silbar,transitive,intransitive
silenciar,transitive,0
simpatizar,transitive,intransitive
simular,transitive,0
situar,transitive,0
sobrenadar,transitive,intransitive
sobrepasar,transitive,0
sobresalir,transitive,intransitive
sobrevenir,transitive,intransitive
sobrevivir,transitive,intransitive
socorrer,transitive,0
sofocar,transitive,0
soldar,transitive,0
solear,transitive,0
solidificar,transitive,0
soliviantar,transitive,0
sollozar,transitive,intransitive
soltar,transitive,0
sombrear,transitive,0
sonar,transitive,intransitive
sonreír,transitive,intransitive
soplar,transitive,intransitive
soportar,transitive,0
sorber,transitive,0
sorprender,transitive,0
sortear,transitive,0
sosegar,transitive,0
soslayar,transitive,0
sospechar,transitive,0
sostener,transitive,0
soterrar,transitive,0
suavizar,transitive,0
subir,transitive,intransitive
subordinar,transitive,0
subsistir,transitive,intransitive
subyugar,transitive,0
suceder,transitive,intransitive
sucumbir,transitive,intransitive
sudar,transitive,intransitive
sufrir,transitive,intransitive
sujetar,transitive,0
sumar,transitive,0
sumergir,transitive,0
superponer,transitive,0
suplicar,transitive,0
suprimir,transitive,0
surcar,transitive,0
suspirar,transitive,intransitive
sustituir,transitive,0
sustraer,transitive,0
susurrar,transitive,intransitive
tabletear,transitive,intransitive
tambalear,transitive,intransitive
tamizar,transitive,0
tantear,transitive,0
tapar,transitive,0
taponar,transitive,0
tardar,transitive,intransitive
tartamudear,transitive,intransitive
tasar,transitive,0
tatuar,transitive,0
tañer,transitive,0
tejer,transitive,0
temblar,transitive,intransitive
temer,transitive,0
templar,transitive,0
tender,transitive,0
tener,transitive,0
terminar,transitive,0
testimoniar,transitive,0
tintinear,transitive,intransitive
tirar,transitive,0
tiritar,transitive,intransitive
tirotear,transitive,0
titilar,transitive,intransitive
titubear,transitive,intransitive
tocar,transitive,0
tomar,transitive,0
tonificar,transitive,0
tontear,transitive,intransitive
torcer,transitive,0
tornear,transitive,0
torrar,transitive,0
torturar,transitive,0
toser,transitive,intransitive
tostar,transitive,0
totalizar,transitive,0
trabajar,transitive,intransitive
trabar,transitive,0
traer,transitive,0
traficar,transitive,intransitive
tragar,transitive,0
traicionar,transitive,0
trampear,transitive,0
trancar,transitive,0
tranquilizar,transitive,0
transferir,transitive,0
transformar,transitive,0
transigir,transitive,intransitive
transitar,transitive,intransitive
transmitir,transitive,0
transparentar,transitive,0
transpirar,transitive,intransitive
transportar,transitive,0
transvasar,0,0
traquetear,transitive,0
trascender,transitive,intransitive
trasladar,transitive,0
trasnochar,transitive,intransitive
traspasar,transitive,0
trasplantar,transitive,0
trasquilar,transitive,0
trastabillar,transitive,intransitive
trastornar,transitive,0
trasudar,transitive,0
tratar,transitive,0
trenzar,transitive,0
trepar,transitive,intransitive
trinchar,transitive,0
triturar,transitive,0
triunfar,transitive,intransitive
trocar,0,0
tronar,transitive,intransitive
tronchar,transitive,0
trotar,transitive,intransitive
trozar,transitive,0
tullir,transitive,intransitive
tumbar,transitive,0
ubicar,transitive,0
ulcerar,transitive,0
ultimar,transitive,0
ultrajar,transitive,0
uncir,transitive,0
ungir,transitive,0
unificar,transitive,0
uniformar,transitive,0
unir,transitive,0
universalizar,transitive,0
untar,transitive,0
urdir,transitive,0
urgir,transitive,0
usar,transitive,intransitive
usufructuar,transitive,0
usurpar,transitive,0
utilizar,transitive,0
vaciar,transitive,0
vacilar,transitive,intransitive
vadear,transitive,0
vagabundear,transitive,intransitive
vagar,transitive,intransitive
valer,transitive,0
valorar,transitive,0
vaporizar,transitive,0
vapulear,transitive,0
variar,transitive,0
vaticinar,transitive,0
vegetar,transitive,intransitive
vejar,transitive,0
velar,transitive,0
vencer,transitive,0
vendar,transitive,0
vender,transitive,0
venerar,transitive,0
venir,transitive,intransitive
ventilar,transitive,0
ventosear,transitive,intransitive
versificar,transitive,0
verter,transitive,0
vestir,transitive,0
vetar,transitive,0
viajar,transitive,intransitive
vibrar,transitive,0
viciar,transitive,0
vigilar,transitive,intransitive
vigorizar,transitive,0
vilipendiar,transitive,0
vincular,transitive,0
violar,0,0
violentar,transitive,0
virar,transitive,intransitive
visitar,transitive,0
vitorear,transitive,0
vituperar,transitive,0
vivificar,transitive,0
vivir,transitive,intransitive
vociferar,transitive,0
volar,transitive,intransitive
volcar,transitive,0
voltear,transitive,0
volver,transitive,0
vomitar,transitive,intransitive
vulgarizar,transitive,0
yacer,transitive,intransitive
yuxtaponer,transitive,0
zaherir,transitive,0
zambullir,transitive,0
zapar,transitive,intransitive
zarandear,transitive,0
zigzaguear,transitive,intransitive
zumbar,transitive,intransitive
zurcir,transitive,0
zurrar,transitive,0
