"Las reservas de oro y divisas de rusia subieron 800 millones de dólares y el 26 de mayo equivalían a 19. 100 millones de dólares, informó hoy un comunicado del banco central.","Ñongatupykuéra de itaju ha divisas de rusia ojupikuri 800 millones de dólares ha el 26 de mayo equivalían a 19. 100 millones de dólares, omomarandukuri ko'ára un comunicado guapyha apyteregua."
"Según el informe, el 19 de mayo las reservas de oro y divisas del banco central eran de 18. 300 millones de dólares.","Según marandu, el 19 de mayo ñongatupykuéra de itaju ha divisas apyka apyteregui oha'emi de 18. 300 millones de dólares."
Los activos en divisas en poder del banco central y el ministerio de finanzas se calculan en dólares estadounidenses y su valor depende del cambio oficial rublo- dólar que establece el banco central.,Los activos en divisas en katu apyka apyteregua ha el ministerio de finanzas se opapa en dólares estadounidenses ha ikyhyje'ỹ osaingo ñembyekovia oficialgua rublo- dólar que omohenda apyka apytere.
Las reservas en oro se valoran en base a 300 dólares estadounidenses por cada onza troy de oro.,Ñongatupykuéra en itaju se omomba'eguasu en topyta a 300 dólares estadounidenses por cada onza troy de itaju.
"El presidente de la generalitat, jordi pujol, cree necesario que el gobierno agilice los permisos de residencia a los inmigrantes para poder responder a la falta de mano de obra en cataluña que, según cálculos del departamento de trabajo, impide cubrir unos 23. 000 empleos en diversos sectores.","Mburuvicha de la generalitat, jordi pujol, oimo'ã necesario que tekuái agilice los permisos de residencia a los inmigrantes ojoko pokatu responder a la falta de avatisoka de tembiapokue en cataluña que, según cálculos teta'igui de mba'apo, impide cubrir unos 23. 000 mba'apokuéra en diversos sectores."
"Pujol urgió la necesidad de esta medida legal durante una cena organizada anoche por la patronal de la pequeña y mediana empresa, pimec- sefes, en la que también advirtió a los empresarios, sindicatos y administraciones a que cumplan con la normativa laboral en materia de prevención de la siniestralidad.","Pujol omoragẽkuri hýi ko ta'ã legalgui durante una cena organizada anoche por la patronal de mitã'i ha mediana empresa, pimec- sefes, en la que también advirtió a los empresarios, sindicatos ha administraciones a que cumplan con la normativa laboral en mba'e de prevención de la siniestralidad."
"Según pujol,"" no puede ser que se tarde ocho meses para dar un permiso de residencia de trabajo a un ciudadano polaco"", en un momento de falta de mano de obra que actúa, en su opinión, como freno al crecimiento económico.","Según pujol,"" ndokatui ser que se tarde ocho jasykuéra omombyta dar un permiso de jeikoha de trabajo a un ciudadano polaco"", en un momento de pokã de avatisoka de japopyre que actúa, iñeimo'ãme, ajepy'ajoko ajuruka mopu'ã económicome."
"Esta opinión fue corroborada por el presidente de pimec- sefes, josep gonzález, quien subrayó que esta falta de mano de obra, tanto cualificada como no, comenzó en las comarcas de lérida pero ya ha llegado a todas las provincias catalanas.","Ko ñeimo'ã ohokuri corroborada mburuvicha rupi de pimec- sefes, josep gonzález, quien subrayó que esta falta de avatisoka de mba'apokue, tanto cualificada ha'u no, comenzó en las comarcas de lérida pero ya ha llegado a todas teta'ikuéra catalanas."
"Por ello, gonzález pidió una reforma"" urgente"" del sistema de contratación de extranjeros que permita un sistema"" ágil y rápido"" para insertar a los inmigrantes en el mercado laboral.","Por ello, gonzález pidió una reforma"" urgente"" del sistema de contratación de extranjeros que permita un sistema"" ágil ha rápido"" para insertar a los inmigrantes ñemuha laboralpe."
"Ante unas mil personas, entre ellas la ministra de ciencia y tecnología, anna birulés, el alcalde de barcelona, joan clos, la delegada del gobierno, julia garcía valdecasas, y una nutrida representación del gobierno catalán, pujol dio un toque de alerta sobre el aumento de los accidentes laborales.","Ante unas mil personas, entre ellas la ministra de emba'ekuaa ha tecnología, anna birulés, el alcalde de barcelona, joan clos, la delegada porukáigua, julia garcía valdecasas, ha una nutrida ta'anga tekuái catalángua, pujol dio un toque de atõi sobre el aumento de los accidentes laborales."
"En este sentido, instó a empresarios, sindicatos y administraciones a"" cumplir la ley"" de prevención de riesgos en el trabajo ya que, a su juicio,"" no vamos bien en lo que respecta a la siniestralidad"".","Ko andupe, instó a empresarios, sindicatos ha administraciones a"" cumplir tembiapoukapy"" de prevención de kyhyjerãnguéra tembiapope ya que, iñapytu'ũme,"" ndejahai bien en lo que respecta a la siniestralidad""."
"Por su parte, la ministra anna birulés animó a las pymes a invertir en investigación y desarrollo y mostró a los empresarios presentes la disposición del gobierno a facilitar este camino.","Imarandure, la ministra anna birulés animó a las pymes a invertir en investigación ha ñakãrapu'ã ha mostró a los empresarios presentes la disposición porukáigui a facilitar ko tape."
"Birulés afirmó que las pequeñas y medianas empresas son"" el futuro"" del país por su capacidad para innovar y entroncar con los cambios que está comportando la nueva economía.","Birulés afirmó que mitã'ikuéra ha medianas empresas pu"" tenondegua"" tetãgui iha'evere ojoko innovar y entroncar jevakuéra ndive que está comportando la nueva economía."
"Durante la cena, la patronal pimec- sefes, que representa a más de 50. 000 empresas, entregó sus premios anuales a las pymes que han desarrollado proyectos más destacados, así como también distinguió, en el apartado periodístico, al suplemento de economía del diario la vanguardia.","Durante karu, la patronal pimec- sefes, que omoha'anga a más de 50. 000 empresas, entregó sus premios anuales a las pymes que oĩ desarrollado jejaposekuéra más destacados, apyhykuri akaru también distinguió, en el apartado periodístico, al suplemento de economía del diario la tenondegua."
"Sin embargo, los abogados de la empresa indicaron una vez más que proyectan insistir en las apelaciones para impedir que esos remedios"" extremos y sin justificación"" se lleven a efecto.","Sin embargo, los abogados de la empresa indicaron una vez más que proyectan insistir en las apelaciones ojoko impedir que umi pohãnguéra"" tĩnguéra ha sin justificación"" se lleven a ra'ykue."
"El departamento de justicia dijo respecto a la última comparecencia de la compañía que ésta no tiene en cuenta el hecho de que se ha determinado"" que microsoft ha cometido repetidamente graves violaciones legales y que es preciso aplicar remedios serios para restablecer la competencia e impedir violaciones similares en el futuro"".","Teta'i de tekojoja ho'ytakuri respecto a la última comparecencia de la compañía que ésta ndorekoi en omombe'u jehupyre de que se oime determinado"" que microsoft oime cometido repetidamente graves ñerairõnguéra legales ha que oha'e akotevẽ aplicar pohãnguéra serios ojoko restablecer la competencia ha impedir ñerairõnguéra similares tenonderãme""."
"La semana pasada el departamento de justicia y los gobiernos de 17 de los 19 estados que demandaron a microsoft en 1998 presentaron al juez una versión ajustada de sus propuestas de solución judicial, entre las que figura la división de la firma en dos compañías.","Arapokõindy jehasa teta'i de tekojoja ha porukáikuéra de 17 de los 19 estados que demandaron a microsoft en 1998 orukuri yvyrajárape una versión ajustada de sus propuestas de ry judicial, entre las que figura ñemboja'o teraguapygui en dos compañías."
"Una de las empresas tomaría posesión de los sistemas operativos windows, creado por esta firma y que usan el 95 por ciento de los ordenadores de todo el mundo, y la otra pasaría a controlar todo el software de microsoft, incluido el popular"" office suite"" y los demás activos de la compañía.","Una de las empresas tomaría jereko de los sistemas operativos windows, creado ko teraguapy rupi ha que opuru el 95 por ciento de los ordenadores de todo yvóra, ha la otra pasaría a controlar todo el software de microsoft, incluido el popular"" office suite"" ha los demás activos de la compañía."
"Pero el juez, que el 3 de abril dictaminó que microsoft incurrió en prácticas de monopolio, opinó que las medidas exigidas por el gobierno no son bastante severas y se manifestó en favor de otro planteamiento que dividiría a la empresa en tres compañías.","Jepéramo yvyrajára, que el 3 de abril dictaminó que microsoft incurrió en jepokuaakuéra de monopolio, opinó que ta'ãhakuéra exigidas tekuái rehe ndoha'ei bastante severas ha se ho'ytakuri en ñepytyvõ de otro planteamiento que dividiría a la empresa en tres compañías."
Los abogados de microsoft aseguran que la división de la firma disminuiría gravemente su capacidad para competir en el mercado de los programas informáticos.,Los abogados de microsoft aseguran que ñepehẽ'a teraguapygui disminuiría gravemente itembiapokuaa ojoko competir ñemuhape de los programas informáticos.
"El letrado john warden considera que la propuesta del gobierno convertiría a microsoft en"" la nica compañía del mundo que no ganará, no podrá ganar, la próxima ronda de competencia"" en la industria de los programas informáticos.","El letrado john warden considera que la propuesta porukáigui convertiría a microsoft en"" la nica compañía arapygua que no ganará, ndokuaait ganar, la próxima ronda de competencia"" en la industria de los programas informáticos."
"Asimismo, microsoft considera que la separación de la firma es un castigo demasiado duro para las infracciones de las cuales se le acusa.","Asimismo, microsoft considera que jopoi teraguapygui oha'e un castigo demasiado duro para las infracciones de las cuales se le acusa."
"No obstante, ya se ha resignado a alterar sus prácticas comerciales y ha propuesto dar a los fabricantes de ordenadores mayor flexibilidad en la elección del sistema de operación y a los consumidores más opciones para el uso de programas que no funcionen con windows.","No obstante, ya se oime resignado a alterar ijepokuaakuéra comerciales ha oime propuesto dar a los fabricantes de ordenadores mayor flexibilidad poravohape del sistema de operación ha a los consumidores más poravokuéra opyta jepokuaa de programas que no funcionen con windows."
"Pero, por otra parte, ya ha anunciado que apelará cualquier dictamen que establezca su visión, lo cual prolongaría el proceso judicial muchos meses.","Pero, por otra parte, ya ha anunciado que apelará cualquier dictamen que establezca ijecha, lo cual prolongaría el proceso judicial muchos meses."
"En esa situación, sus recursos legales podrían tramitarse en tribunales de apelación o podrían pasar directamente al tribunal supremo de justicia, una opción que existe para los grandes casos de monopolio.","En esa situación, ijerekohakuéra legales podrían tramitarse en tribunales de apelación térã podrían pasar directamente al tribunal supremo de tekojoja, una opción que existe para los grandes casos de monopolio."
El consejo de telefónica y las amenazas con cierres parciales de las gasolineras son las principales noticias con las que abren hoy los diarios económicos.,Ñemoñe'ẽ de telefónica ha las amenazas con cierres parciales de las gasolineras son las principales noticias con las que ope'a ko'ára los diarios económicos.
"Expansion titula en primera"" el consejo de telefónica avala la operación de terra y lycos"","" las gasolineras amenazan con la huelga"" y señala que"" el ibex cierra otro mal mes con una caída acumulada del 6, 8%"".","Expansion titula en primera"" ñemoñe'ẽ de telefónica avala la operación de terra y lycos"","" las gasolineras amenazan con la huelga"" ha omoma'ẽ que"" el ibex cierra otro mal mes con una caída acumulada del 6, 8%""."
"En su editorial, el diario analiza la situación económica del país tomando como base el informe difundido ayer de la ocde y asegura que el caballo de batalla de aznar en esta legislatura será"" convencer a la opinión pública de los riesgos de un consumo y de un crecimiento desbocado, hacerle ver la urgencia de reformar el mercado laboral y de liberalizar la economía, escenificar los peligros de la inflación"".","En su editorial, el diario analiza la situación económica del país tomando akaru topyta marandu difundido ayer de la ocde ha omohatã que el caballo de ñorairõ de aznar en esta legislatura oha'et"" convencer ñeimo'ã pavẽme kyhyjerãnguéragua un consumogua ha de un crecimiento desbocado, hacerle ver tagẽ de reformar ñemuha laboral ha de liberalizar la economía, escenificar ñemongyhyjekuéra de la inflación""."
"Por su parte cinco dias titula en portada"" villalonga normaliza las relaciones con el núcleo estable de telefónica"","" la ue y eeuu quieren iniciar una nueva ronda comercial este año"","" las gasolineras amenazan con cierres parciales"","" la bolsa cae el 6, 8% en mayo y pierde un 8, 2% en el año"","" bruselas propone un mercado único de los fondos de inversión"".","Ipesẽngue rehe cinco dias titula en portada"" villalonga normaliza las relaciones con el núcleo estable de telefónica"","" la ue y eeuu quieren iniciar una ronda pyahu comercial ko arajere"","" las gasolineras amenazan con cierres parciales"","" sapikua okúi el 6, 8% en mayo ha ombyai un 8, 2% arajerepe"","" bruselas propone un mercado único de los fondos de inversión""."
"En el editorial señala los cambios de la bolsas española hacia modelos más europeos y considera estos cambios lógicos, pues"" resulta razonable que las bolsas europeas unifiquen sus normas de contratación"", ya que éstas supondrán"" una ventaja para gestores, inversores y operadores"".","En el editorial señala los cambios de la sapikuakuéra karaiñe'ẽ hacia modelos más europeos ha considera ko'ã jevakuéra lógicos, pues"" resulta razonable que sapikuakuéra europeas unifiquen itekorãnguéra de contratación"", ya que éstas supondrán"" una ventaja para gestores, inversores ha operadores""."
"La gaceta de los negocios señala en portada"" las gasolineras protestan contra los monopolios de la distribución"","" europa y américa preparan otra ronda de la omc"","" el comercio electrónico supera todas las previsiones"" y"" el ibex 35 mitiga las pérdidas y cierra mayo con una caída del 6, 8%"".","La gaceta ñemukuéragui omoma'ẽ en portada"" las gasolineras protestan contra los monopolios de la distribución"","" europa y américa preparan otra ronda de la omc"","" ñemu electrónico supera todas las previsiones"" y"" el ibex 35 ombovevúi jerokañynguéra ha omboty mayo con una caída del 6, 8%""."
"En su editorial, el diario califica de halagüeñas las previsiones del informe de la ocde, pues"" el déficit se puede reducir este mismo año 2000 al 0, 5% del pib, todo un récord"".","En su editorial, el diario califica de halagüeñas las previsiones marandugui de la ocde, pues"" el déficit se okuaa reducir ko arajere ae 2000 al 0, 5% del pib, todo un récord""."
"La patronal francesa presentó hoy, tras una maratoniana negociación de trece horas, un nuevo texto sobre la reforma del seguro de desempleo que ha despertado el interés de cuatro de las cinco grandes centrales sindicales.","La patronal francesa presentó ko'ára, tras una negociación maratoniana de trece horas, un nuevo texto sobre la reforma del seguro de desempleo que ha despertado kuaase de cuatro de las cinco grandes centrales sindicales."
"El"" proyecto de protocolo de acuerdo"" de nueve puntos, que los agentes sociales volverán a abordar el próximo lunes, reafirma la relación entre la"" indemnización"" de desempleo y la"" ayuda"" para volver a encontrar un trabajo, muy contestada por los sindicatos, pero su aplicación sería progresiva.","El"" ñeimo'ã de protocolo de ñe'ẽjoaju"" de nueve puntos, que tahachikuéra jojapy ojevyt a abordar el próximo lunes, reafirma jokuaa entre la"" indemnización"" de desempleo ha la"" ayuda"" para volver a encontrar un trabajo, muy contestada por los sindicatos, jepéramo su aplicación sería progresiva."
"Esta puntualización fue considerada como un"" avance"" por los sindicatos confederación francesa del trabajo( cfdt), fuerza obrera( fo), confederación francesa de trabajadores cristianos( cftc) y confederación francesa de directivos de empresas( cfe- cgc).","Esta puntualización fue considerada akaru un"" avance"" por los sindicatos confederación francesa mba'apogua( cfdt), mbaretekue mba'apohára( fo), confederación francesa de mba'apohárakuéra cristianos( cftc) ha confederación francesa de directivos de empresas( cfe- cgc)."
"Sin embargo, la confederación general del trabajo( cgt) consideró que el proyecto elaborado por el movimiento de empresas francesas( medef) supone"" un retroceso social importante"" ya que"" no da respuesta"", entre otras cuestiones, al problema de los parados que no cobran una indemnización( cuatro de cada diez).","Sin embargo, la confederación general ñemba'apogua( cgt) consideró que jejapose elaborado jeku'e rupi de empresas francesas( medef) supone"" un retroceso social importante"" ya que"" nombojárai mbohovái"", entre otras cuestiones, al problema de los parados que no cobran una indemnización( cuatro de cada diez)."
"El documento propone que el"" contrato ayuda para regresar al empleo( care)"" afecte a las personas que engrosen las listas del paro"" a partir de 1 de enero del 2001"".","Kuatia propone que el"" contrato ñepysyrõ opyta regresar mba'apope( care)"" afecte avakuérape que engrosen las listas pytu'ugui"" a partir de 1 de enero del 2001""."
"La patronal pretende formalizar así el compromiso recíproco del régimen de indemnización y los demandantes de empleo en"" el care, cuya firma da derecho a cobrar el subsidio del paro y a los servicios que facilitan el regreso al empleo"".","La patronal pretende formalizar así el compromiso recíproco del régimen de indemnización ha los demandantes de mba'apo en"" el care, cuya teraguapy ombojára derecho a cobrar el subsidio pytu'ugua ha pytyvõnguérape que facilitan el regreso al empleo""."
"De esta forma, el medef confirma que para los patronos es la firma del care lo que da derecho al cobro de subsidios y no el simple hecho de haber cotizado al unedic( organismo que administra en francia el seguro de desempleo).","Ko ta'angagua, el medef confirma que para los patronos oha'e teraguapy del care lo que ombojára derecho al cobro de pytyvõnguéra ha no jehupyre ndahasýi de haber cotizado al unedic( organismo que administra en francia el seguro de desempleo)."
"El care"" compromete"" al desempleado a efectuar una"" búsqueda activa de empleo, a presentarse a los retos profesionales que se le propongan y a entrevistas bimensuales"".","El care"" compromete"" al desempleado a efectuar una"" tembireka activa de mba'apo, a presentarse ja'okuéra profesionalespe que se le propongan ha a ñomongetakuéra bimensuales""."
El incumplimiento de esos compromisos sería penalizado con reducciones en el subsidio de desempleo.,El incumplimiento umi poroapytĩnguéragua sería penalizado con ñemomichĩnguéra pytyvõme de desempleo.
El carácter obligatorio del care y las sanciones que comporta su incumplimiento son algunos de los puntos más contestados por los sindicatos.,Reko obligatorio del care ha jepykuéra que comporta su incumplimiento pu algunos de los puntos más contestados por los sindicatos.
"Por otra parte, el texto de la patronal contempla la creación de nuevos contratos de trabajo enfocados a la reinserción laboral de una duración que podrá oscilar de 18 meses a cinco años y la ampliación de ocho a doce meses del periodo de referencia( durante el cual se exige haber trabajado cuatro meses) para poder solicitar el subsidio de desempleo.","Por otra parte, kuatia de la patronal contempla la creación de nuevos contratos de tembiapo enfocados a la reinserción laboral una duracióngui que podrá oscilar de 18 jasykuéra a cinco arajerekuéra ha la ampliación de ocho a doce jasykuéra del periodo de referencia( durante el cual se exige haber trabajado cuatro meses) omombyta pokatu solicitar pytyvõ de desempleo."
"El menor coste de las licencias de telefonía móvil umts en españa sobre otros países permitirá abrir el mercado del móvil a operadores de servicios sin red antes que en otros países europeos, dijo hoy el presidente de la comisión del mercado de las telecomunicaciones, josé maría vázquez quintana.","El menor coste sãsokuéragui de telefonía móvil umts en españa sobre otros países omoneĩt abrir ñemuha del móvil a operadores de pytyvõnguéra sin red antes que en otros países europeos, ho'ytakuri ko'ára mburuvicha de la comisión ñemuhagui de las telecomunicaciones, josé maría vázquez quintana."
"Vázquez quintana intervino hoy en unas jornadas sobre"" acceso radio en el bucle local de abonado"", organizadas por apd( asociación para el progreso de la dirección) y dijo que las del modelo concesión de licencias español, por concurso y no por subasta, hace que el estado ingrese menos pero a cambio los operadores pueden desarrollar su red más deprisa y amortizar antes sus inversiones.","Vázquez quintana oñemoingekuri ko'ára unas jornadaspe sobre"" acceso radio avakua apeguape de abonado"", organizadas por apd( asociación para el progreso de la dirección) ha ho'ytakuri que las del modelo mba'eme'ẽ de sãsokuéra karaiñe'ẽ, por concurso ha no por subasta, hace que teko ingrese menos jepéramo a cambio los operadores okatu desarrollar ikyha más deprisa y amortizar antes sus inversiones."
Añadió que esta situación permitirá a españa abrir la competencia a operadores de servicios móviles que utilicen la red de otras empresas de telecomunicaciones con licencias de móvil antes que en europa.,Añadió que esta situación permitirá a españa abrir la competencia a operadores de pytyvõnguéra móviles que utilicen kyha de otras empresas de telecomunicaciones con sãsokuéra de móvil antes que en europa.
"El presidente de la comisión del mercado de las telecomunicaciones mostró su preocupación por la falta de competencia en todo el mundo en la telefonía local, como consecuencia de que la liberalización de las telecomunicaciones se ha hecho por principios jurídicos y no técnicos y que hay que"" hay que abrir este mercado como sea"".","Mburuvicha de la comisión ñemuhagui de las telecomunicaciones mostró su preocupación por la falta de competencia en todo arapy en la telefonía local, añemboapyte tapykuegua de que la liberalización de las telecomunicaciones se oĩ jehupyre por ñepyrũnguéra jurídicos ha no técnicos ha que hay que"" hay que abrir ko ñemuha añemboapyte sea""."
"Para vázquez quintana la apertura de la red de telefonía local de telefónica a otros operadores no es la solución total ya que podría hacer que la empresa dominante dejara de invertir en la red por no considerarla como una inversión atractiva, y el gobierno debe incentivar estas inversiones.","Para vázquez quintana jepe'a kyhagua de telefonía óga de telefónica otros operadorespe ndoha'ei ry oĩmbáva ya que podría hacer que la empresa dominante dejara de invertir kyhape por no considerarla ajepy'ajoko una inversión kavure'i, ha tekuái debe incentivar estas inversiones."
Explicó que la puesta en marcha de las licencias de telefonía local vía radio va a suponer la competencia entre los seis operadores que han ganado los concursos.,Explicó que ñemoĩ en marcha sãsokuéragui de telefonía óga guataha radio oho a suponer la competencia entre los seis operadores que oĩ tymba los concursos.
"José maría vázquez quintana explicó posteriormente a un grupo de periodistas que la competencia en la telefonía local vía radio que permite dar telefonía fija hasta el domicilio de los clientes con tecnologías móviles, puede incrementarse por la llegada de nuevas tecnologías y que probablemente la evolución del umts permitirá a los cuatro operadores que tienen estas licencias dar telefonía local vía radio.","José maría vázquez quintana omosakãkuri posteriormente a un grupo de periodistas que la competencia en la telefonía local tape radio que permite dar telefonía fija hasta el domicilio de los clientes con tecnologías móviles, puede incrementarse ñeguahẽ rehe de nuevas tecnologías ha que probablemente la evolución del umts omboajet a los cuatro operadores que oreko ko'ã sãsokuéra dar telefonía óga guataha radio."
El presidente del órgano regulador de las telecomunicaciones se mostró partidario de completar esta liberalización de las telecomunicaciones con otras medidas que incentiven la competencia como puede ser abrir el acceso a la información de los clientes de telefónica a otros operadores.,Mburuvicha del órgano regulador de las telecomunicaciones se mostró rapykuerigua de completar esta liberalización de las telecomunicaciones con otras medidas que incentiven la competencia ha'u opojái ser abrir el acceso momarandupe de los clientes de telefónica otros operadorespe.
"Sobre la oferta de interconexión con telefónica de otros operadores que acaba de aprobar la cmt, vázquez quintana dijo que para desarrollarla han escuchado a los operadores actuales y a otros que pronto darán servicios y que al tener que aunar tantos intereses es imposible dejar satisfechos a todos.","Ñekuave'ẽ ári de interconexión con telefónica otros operadoresgua que opa de aprobar la cmt, vázquez quintana ho'ytakuri que para desarrollarla han escuchado a los operadores actuales ha a otros que pronto ome'ẽt pytyvõnguéra ha que al tener que aunar tantos intereses oha'e imposible dejar satisfechos a todos."
Afirmó que sigue el criterio europeo y que trata de incentivar el mercado donde no lo hay.,Afirmó que sigue el criterio europeo ha que trata de incentivar ñemuha donde no lo oĩ.
"La inversión en investigación básica es el camino para el crecimiento y la prosperidad económica, afirmaron hoy empresarios, el embajador de eeuu y el director de investigación de la comunidad de madrid, quienes abogaron por elevar la"" cultura científica"" de los ciudadanos y la"" cultura de la innovación"" de los empresarios.","La inversión en investigación básica oha'e tape ñembotuicha g̃uarã ha po'a económica, afirmaron ko'ára empresarios, el embajador de eeuu ha ruvicha de investigación de la comunidad de madrid, quienes abogaron por elevar la"" arandu científica"" tetaguãnguéragui ha la"" arandu de la innovación"" de los empresarios."
"Durante la presentación del libro"" la prosperidad por medio de la investigación. la investigación básica en eeuu"", editado por la comunidad de madrid, el secretario general de la confederación empresarial de madrid- ceoe( ceim), alejandro couceiro, abogó por la formación de los investigadores en temas de innovación tecnológica.","Durante la presentación kuatiagui"" po'a por medio de la investigación. la investigación básica en eeuu"", editado por la comunidad de madrid, pytyvõha pavẽ de la confederación empresarial de madrid- ceoe( ceim), alejandro couceiro, abogó tesape'are de los investigadores en ñe'ẽmbyrãnguéra de innovación tecnológica."
"Tras indicar que la inversión media en investigación en la unión europea se sitúa en el 1, 8 por ciento del pib, frente al 2, 8 por ciento en japón y eeuu, couceiro dijo que españa está en"" el buen camino"" y se está creando un entorno propicio para la innovación empresarial.","Tras indicar que la inversión media en investigación jejura europeape se omohenda en el 1, 8 por ciento del pib, syva al 2, 8 por ciento en japón ha eeuu, couceiro dijo que españa oime en"" tape marangatu"" ha se oiko creando un entorno propicio para la innovación empresarial."
"En este sentido se refirió a la reciente creación del ministerio de ciencia y tecnología y a las primeras declaraciones de su titular, anna birulés, sobre el impulso de la investigación, desarrollo e innovación.","Ko andupe se refirió a la reciente creación del ministerio de pokuaa ha tecnología ha ñemombe'ukuéra primeraspe de su titular, anna birulés, sobre el impulso de la investigación, ñakãrapu'ã ha innovación."
"El representante de los empresarios madrileños aseguró que"" el siglo xxi será el siglo de la ciencia y la tecnología"", y ofreció el apoyo"" activo"" de la ceim en la consecución de los retos fijados por el gobierno en esta materia.","Mbuekovia de los empresarios madrileños omombaretekuri que"" el siglo xxi será el siglo de la ciencia ha la tecnología"", ha oropojáikuri pytyvõ"" activo"" de la ceim en la consecución ja'okuéragui fijados por el asãmbyhy ko mba'epe."
"El embajador estadounidense en españa, edward romero, aseguró que la inversión en investigación básica contribuye a la prosperidad económica y destacó la colaboración entre españa y estados unidos en este campo, materializada en diversos acuerdos.","El embajador estadounidense en españa, edward romero, aseguró que la inversión en investigación básica contribuye po'a económicape ha destacó ñepytyvõ entre españa ha tetãnguéra unidos ko ñume, materializada en diversos acuerdos."
"El libro presentado hoy recoge de forma resumida un informe del comité de desarrollo económico de eeuu, en el que se destaca la importancia de la investigación básica universitaria americana y propone mejorar la enseñanza para asegurar la provisión futura de científicos sobresalientes.","Kuatia presentado ko'ára omono'õ de ysaja resumida un informe del comité de ñakãrapu'ã económico de eeuu, en el que se destaca la importancia de la investigación básica universitaria americana ha propone mejorar moaranduha opyta asegurar jegueru upeigua de científicos sobresalientes."
Asimismo defiende la financiación pública de la investigación básica y pone de manifiesto que las empresas se centran más en la i+ d con objetivos de mercado.,Asimismo defiende la financiación pública de la investigación básica ha omoĩ de manifiesto que las empresas se omombyte más en la i+ d con temimo'ãnguéra de ñemuha.
"Este documento, que ha tomado como referencia la comunidad de madrid, hace hincapié en que los retornos económicos de las inversiones en investigación básica son"" muy elevados"", y que"" el conocimiento básico tiende a ser explotado en innovaciones que producen sustanciales beneficios durante un largo periodo"".","Ko kuatia, que ha tomado akaru referencia la comunidad de madrid, ojapo hincapié en que los retornos económicos de las inversiones en investigación básica pu"" muy elevados"", y que"" jekuaa básico omosaingo a ser explotado en innovaciones que omoheñói sustanciales beneficios durante un largo periodo""."
"Para el director general de investigación de la cam, francisco josé rubia, es necesario apoyar a fondo la investigación de calidad e incentivar con diferentes medidas la colaboración entre los científicos y técnicos y el sector productivo.","Ojoko ruvicha pavẽ de investigación de la cam, francisco josé rubia, oha'e necesario apoyar a tugua la investigación de calidad ha incentivar con diferentes medidas pytyvõ entre los científicos ha técnicos ha pehẽngue productivo."
"El portavoz del pp, rafael hernando, dijo hoy a efe que los agentes sociales deben acudir con mentalidad"" abierta"" y sin planteamientos"" preconcebidos"" a la cita de esta tarde con el presidente del gobierno, josé maría aznar.","El portavoz del pp, rafael hernando, ho'ytakuri ko'ára a efe que tahachikuéra jojapy deben acudir con mentalidad"" abierta"" y sin planteamientos"" preconcebidos"" a la cita de esta tarde mburuvicha ndive porukáigui, josé maría aznar."
"Hernando fundamentó tales premisas en que se trata de defender los intereses generales de los españoles, máxime teniendo en cuenta que españa es el país de la unión europea que más empleo ha creado y que registra mayor crecimiento económico.","Hernando fundamentó tales premisas en que se trata de defender kuaasekuéra pavẽ karaiñe'ẽnguéragua, máxime teniendo en cuenta que españa oha'e tetã ñomoirũ europeagui que más mba'apoha oime creado y que ojepovyvy mayor akãrapu'ã económico."
"En su opinión, es un hecho de"" gran relevancia"" la reunión que celebrará aznar con el dirigente de la patronal ceoe, josé maría cuevas, y con los de ccoo, josé maría fidalgo, y ugt, cándido méndez.","Iñeimo'ãme, es un hecho de"" gran relevancia"" no'õ que oropurahéit aznar myenondehára ndive de la patronal ceoe, josé maría itakuakuéra, ha con los de ccoo, josé maría fidalgo, y ugt, cándido méndez."
"Añadió que el interés de aznar por entrevistarse con los máximos representantes empresariales y sindicales es una muestra de su talante de seguir con el proceso del diálogo social,"" eje básico de la política del gobierno y que tan buenos resultados"" ha tenido para el empleo y la seguridad social.","Añadió que kuaase de aznar por entrevistarse con los máximos representantes empresariales ha sindicales es una muestra de su talante de seguir con el proceso ñomongeta jojapygui,"" eje básico de la política de tekuái ha que tan buenos tembiapokuekuéra"" ha tenido ojoko mba'apoha ha kyhyje'ỹ jojapy."
"Hernando destacó que la reforma laboral de 1997, fruto de los acuerdos alcanzados con los agentes sociales, tuvo efectos"" extraordinarios"" sobre el empleo y sirvió para frenar el crecimiento"" desbocado"" de la inestabilidad laboral que se produjo a partir de 1986.","Hernando destacó que ñembopyahu laboral de 1997, ‘a jurupeteĩnguéragui alcanzados tahachikuéra jojapy ndive, oguerekokuri ra'ykuekuéra"" extraordinarios"" tembiapo ári ha opytyvõkuri omombyta frenar mopu'ã"" desbocado"" de la inestabilidad laboral que se omoheñóikuri a partir de 1986."
"Además de acabar con los contratos"" basura"", el portavoz del pp señaló que dicha reforma introdujo el sistema de ayudas a la contratación indefinida, así como la remodelación del contrato estable a tiempo parcial que han mejorado las relaciones laborales.","Además de acabar con los contratos"" basura"", el portavoz del pp señaló que tory ñembopyahu introdujo el sistema de ayudas a la contratación indefinida, ajapyhykuri como la remodelación del contrato estable a ára parcial que han mejorado jokuaakuéra laborales."
"A juicio de hernando, es necesario seguir avanzando en la reforma laboral a fin de crear más empleo, rebajar la tasa de temporalidad y combatir la siniestralidad en el trabajo.","A apytu'ũ de hernando, oha'e necesario seguir avanzando ñembopyahu laboralpe a opa de crear más mba'apoha, rebajar la tasa de temporalidad ha combatir la siniestralidad tembiapope."
"El komercni banka( banco comercial), uno de los cuatro bancos más grandes de la república checa, anunció hoy que despedirá a 2. 300 empleados más antes de finales del año dentro del proceso de saneamiento de la entidad estatal.","El komercni banka( apyka comercial), añopẽ de los cuatro apykakuéra más grandes de la república checa, oñandukakuri ko'ára que despedirá a 2. 300 tembiguáikuéra más antes de apykuéra arajeregua dentro del proceso de ñemohesãi de la entidad estatal."
"El director del banco, radovan vrava, señaló que el motivo principal es la reestructuración del banco y no sólo la reducción de los costes.","Sãmbyhyha apykagua, radovan vrava, señaló que el motivo principal es la reestructuración del banco ha no sólo ñemomichĩ de los costes."
El estado dispone del 60 por ciento de las acciones del komercni banka y el gobierno checo quiere comenzar el proceso de privatización de este banco ya en este año y terminarlo en septiembre del 2001.,Ñeĩ omoĩ del 60 por ciento tembiapokuéragui del komercni banka ha tekuái checo opota comenzar el proceso de privatización ko guapyhagua ya ko arajerepe ha terminarlo en septiembre del 2001.
"Otro de los objetivos es evitar que se repitan los errores del pasado, que obligaron al gobierno a comprar créditos dudosos por un valor de 60. 000 millones de coronas( unos 1. 500 millones de dólares).","Otro jejaporãnguéragui oha'e evitar que se repitan jejavykuéra del pasado, que ojurakuri tekuáipe a comprar créditos dudosos por un valor de 60. 000 millones de coronas( unos 1. 500 millones de dólares)."
"Esto permitirá al banco sanear su portafolio, que es condición básica para continuar en su privatización.","Esto omoneĩt apykape sanear su portafolio, que oha'e condición básica opyta continuar en su privatización."
"La nueva dirección del banco está trabajando en recuperar el prestigio de la institución debido al escándalo por la violación de los límites de crédito en sus negocios con las empresas austriacas c. l. tradung y otras, que supusieron pérdidas al banco de unos 200 millones de dólares el año pasado.","La nueva dirección apykagui oĩ trabajando en recuperar el prestigio de la institución debido al escándalo ñerairõ rupi apýrakuéragui de crédito iñemukuérape con las empresas austriacas c. l. tradung ha otras, que supusieron jerokañynguéra guapyhape de unos 200 millones de dólares arajere pasado."
"Ese escándalo provocó amplios cambios de directivos a todos los niveles, desde su director general y presidente jan kollert y otros miembros de la dirección hasta personal medio.","Ese escándalo provocó amplios ñembyekoviakuéra de directivos todos lospe yvatekuekuéra, imburuvicha pavẽ guive ha mburuvicha jan kollert ha otros miembros de la dirección hasta personal apyte."
"El komercni banka tenía una plantilla de 13. 487 empleados a fines de 1999, 470 fueron despedidos durante el primer trimestre del presente año y otros 170 funcionarios fueron trasladados a una filial.","El komercni banka aguerekomi una plantilla de 13. 487 tembiguáikuéra a apýrakuéra de 1999, 470 fueron despedidos durante el primer trimestre arajere ãgaguagui ha otros 170 tembijokuáikuéra oha'ekuri trasladados a una filial."
La reestructuración de los otros bancos checos se está acompañando por la reducción del personal.,La reestructuración de los otros bancos checos se oĩ acompañando ñemomichĩre del personal.
"La caja checa de ahorros, ya comprada por el erste basnk de austria, ha reducido su plantilla desde 18. 700 en 1996 a los actuales 15. 100 y tiene planeado reducirlo a 14. 000 antes del fin del año.","Ryru checa de ahorros, ya comprada por el erste basnk de austria, ha reducido su plantilla desde 18. 700 en 1996 a los actuales 15. 100 ha oguereko planeado reducirlo a 14. 000 antes tenonderãgui arajeregua."
"También el banco comercial checoslovaco( csob), adquirido por el banco belga kbc y el banco de inversiones y postal( ipb)( de nomura) preparan una reducción moderada de sus plantillas.","También guapyha comercial checoslovaco( csob), adquirido guapyha belga rehe kbc ha guapyha de inversiones ha postal( ipb)( de nomura) preparan una reducción moderada de sus plantillas."
"La reducción de plantilla en los últimos dos años en estos cuatro bancos ha sido de alrededor de 8. 000 funcionarios, pero siguen teniendo un poco menos de 50. 000 empleados.","Ñemomichĩ de plantilla en los últimos dos arajerekuéra en estos cuatro apykakuéra oime sido de alrededor de 8. 000 funcionarios, jepéramo omoña teniendo un poco menos de 50. 000 empleados."
La empresa canadiense alcan aluminium anunció el jueves que ha llegado a un acuerdo de principio para su fusión con la suiza algroup que establece el cambio de 17. 1 acciones de alcan por cada una de la empresa helvética.,La empresa canadiense alcan aluminium anunció el jueves que ha llegado a un acuerdo de ñepyrũ para su fusión con la suiza algroup que omohenda ñembyekovia de 17. 1 tembiapokuéra de alcan por cada una de la empresa helvética.
El acuerdo también supone que los accionistas recibirán un pago de capital de 90 francos suizos( 53 dólares) y un dividendo especial de 135 francos suizos( unos 80 dólares) por cada acción de algroup.,Jurupeteĩ también supone que los accionistas recibirán un pago de capital de 90 francos suizos( 53 dólares) ha un dividendo poravopyre de 135 francos suizos( unos 80 dólares) por cada acción de algroup.
El dividendo especial estará condicionado a la entrega para el intercambio con alcan del 67 por ciento de las acciones en circulación de algroup.,El dividendo especial estará condicionado a la entrega para el intercambio con alcan del 67 por ciento tembiapokuéragua en syry de algroup.
"De llevarse a cabo, la fusión creará una sociedad con ingresos combinados de 12. 400 millones de dólares mientras que los beneficios económicos inmediatos supondrán al menos un ahorro de 150 millones de dólares.","De llevarse a apy, la fusión creará una sociedad con jeikekuéra combinados de 12. 400 millones de dólares mientras que los beneficios económicos inmediatos supondrán al menos un ahorro de 150 millones de dólares."
"El acuerdo se ha conseguido después de que alcan se asegurase el apoyo de bz group holding limited, uno de los principales accionistas de algroup.","Ñe'ẽjoaju se oime conseguido después de que alcan se asegurase pytyvõ de bz group holding limited, uno de los principales accionistas de algroup."
Bz group holding limited proporcionará el 34 por ciento de las acciones en circulación de algroup para el intercambio con alcan.,Bz group holding limited ombopojáit el 34 por ciento tembiapokuéragua en syry de algroup para el intercambio con alcan.
"A través de un comunicado de prensa, el presidente de alcan, jacques bougie, señaló que"" estoy seguro que esta fusión proporcionará un significante valor a los accionistas y espero fusionar las operaciones de algroup y alcan en una nueva industria líder a nivel global en el sector del aluminio y el embalado"".","A través de un comunicado de jopyha, mburuvicha de alcan, jacques bougie, señaló que"" aime seguro que esta fusión proporcionará un significante valor a los accionistas ha ajerovia fusionar las operaciones de algroup y alcan una industria pyahupe líder a jojaha global pehẽnguepe del aluminio ha el embalado""."
"Por su parte, el director ejecutivo de algroup, sergio marchionne, dijo que"" la nueva compañía estará en mejor posición para servir las necesidades de sus clientes"".","Ipehẽngue rehe, mburuvicha ejecutivo de algroup, sergio marchionne, dijo que"" la nueva compañía estará en mejor ñeĩha opyta servir kotevẽmbykuéra de sus clientes""."
Alcan es una de las mayores empresas del mundo dedicada a la producción de aluminio.,Alcan oha'e una de las mayores empresas yvóragui dedicada a la producción de aluminio.
Cuenta con operaciones en 30 países y emplea a alrededor de 30. 000 personas para la producción de aluminio y productos derivados.,Cuenta con operaciones en 30 tetãnguéra ha oporu a alrededor de 30. 000 personas para la producción de aluminio ha tembiapokuekuéra derivados.
"Algroup, presente en 18 países y con 23. 000 empleados, opera en el sector de la producción de aluminio y el empaquetado, con una fuerte presencia en el sector de la industria del transporte y del embalaje de productos alimentarios, cosméticos y farmacéuticos.","Algroup, presente en 18 tetãnguéra ha con 23. 000 empleados, otyembovo pehẽnguepe de la producción de aluminio ha el empaquetado, una presencia mbaretendi pehẽnguepe de la industria del transporte ha del embalaje de tembiapokuekuéra alimentarios, cosméticos ha pohanohárakuéra."
"El consumo de café en alemania aumentó cerca del 2 por ciento en 1999, según las estadísticas anuales de la empresa kraft foods de bremen.","El consumo de café en alemania okakuaakuri mongoraha del 2 por ciento en 1999, según las estadísticas anuales de la empresa kraft foods de bremen."
"Sin embargo, a lo largo de la década de los noventa se registró un descenso que se calcula entre el 1 y el 2 por ciento.","Sin embargo, a lo largo de la década de los noventa se registró un descenso que se opapa entre el 1 ha el 2 por ciento."
"Actualmente, los alemanes toman un promedio de 6, 7 kilos de café por persona al año.","Actualmente, los alemanes toman un promedio de 6, 7 kilos de café por persona arajerepe."
"Los mayores bebedores de café en europa siguen siendo los escandinavos con cerca de 12 kilos por persona mientras que los más reservados son los portugueses con apenas 4, 1 kilos por cabeza al año.","Los mayores bebedores de café en europa siguen siendo los escandinavos con mongoraha de 12 kilos por avaite mientras que los más reservados son los portugueses con pepy'apy 4, 1 kilos por ruvicha arajerepe."
Entre el 5 y el 6 de junio se encontrarán en bremen cerca de 200 expertos de europa y sudamérica en el xii congreso europeo sobre café en el que se tratarán diversos temas entre los que están los peligros de la tecnología genética y la búsqueda de nuevos caminos para la comercialización del grano.,Entre el 5 ha el 6 de junio se ojohut en bremen mongoraha de 200 expertos de europa y sudamérica en el xii congreso europeo sobre café en el que se tratarán diversos temas entre los que están los peligros de la tecnología genética ha teka de nuevos tapekuéra para la comercialización del grano.
"La policía y la fiscalía general investigan las circunstancias que provocaron la grave crisis que puso en peligro el sistema bancario- financiero de rumanía la última semana, tras volver hoy, jueves, la calma a los mercados.","Tahachi ha la fiscalía general investigan las circunstancias que provocaron la grave crisis que omoĩkuri en peligro el sistema bancario- financiero de rumanía arapokõindy última, tras volver hoy, jueves, la omombytu'u ñemuhakuérape."
"Surgida en plena campaña para las elecciones municipales del próximo domingo, esta crisis fue estimada por el consejo supremo de defensa del país como una"" amenaza a la seguridad nacional"", al tiempo que el primer ministro, mugur isarescu, la calificaba de"" ataque concertado y especulativo"".","Surgida en plena okára para las elecciones municipales del próximo domingo, esta crisis fue estimada ñemoñe'ẽ supremore de defensa tetãgui ha'u una"" amenaza kyhyje'ỹ nacionalme"", árape que el primer ministro, mugur isarescu, la calificaba de"" ataque concertado ha especulativo""."
"Los efectos negativos en plano interno fueron el pánico y la desconfianza de cientos de miles de rumanos en las autoridades del estado, mientras en el ámbito exterior, el fondo monetario internacional aplazó, ayer, miércoles, la prolongación del acuerdo con rumanía, de importancia capital para el relanzamiento económico del país.","Ra'ykuekuéra negativos en plano interno fueron el pánico ha jepoyhu de cientos de miles de rumanos mburuvichakuérape ñeĩgua, mientras en el ámbito exterior, guy monetario internacional ombo'arekuri, ayer, miércoles, la prolongación oñoñe'ẽgui con rumanía, de importancia capital para el relanzamiento económico del país."
"La quiebra del fondo nacional de inversores, mayor fondo mutuo privado, que desencadenó el pánico la semana pasada a 300. 000 personas, fue seguida por intentos desestabilizadores en el banco comercial rumano( bcr), el mayor del estado, y en el cec, entidad en la que seis millones de rumanos colocaron sus ahorros.","La osoite tevi nacionalgui de inversores, mayor tugua mutuo privado, que desencadenó el pánico la arapokõindy jehasa a 300. 000 personas, oha'ekuri seguida por intentos desestabilizadores guapyha comercialpe rumano( bcr), el mayor tekogua, ha en el cec, entidad en la que seis millones de rumanos colocaron sus ahorros."
"Las pruebas recogidas por la policía, así como informaciones de prensa, indican que fueron grupos organizados los que difundieron rumores sobre la inminente quiebra del bcr, a través de llamadas telefónicas anónimas y mensajes por correo electrónico.","Ha'ãnguéra recogidas tahachi rupi, apyhykuri añemboapyte momarandukuéra de jopyha, indican que ohokuri atykuéra organizados los que omosarambikuri terakuãnguéra jeso inminente ári del bcr, a través de tenóikuéra telefónicas anónimas ha tembi'eukakuéra por correo electrónico."
"Una de estas llamadas, dirigida al entrenador del equipo de fútbol universitatea de craiova, sorin sichitiu, se comprobó que fue hecha desde un teléfono de la filial local del banco popular rumano, cuyo director ha sido ya destituido hasta el fin de las investigaciones.","Una ã tenóikuéragua, dirigida al entrenador del equipo de fútbol universitatea de craiova, sorin sichitiu, se comprobó que fue hecha un teléfono guive de la filial local apyka ka'avogui rumano, cuyo mburuvicha oime sido ya destituido apy peve de las investigaciones."
"La firme intervención del primer ministro, mugur isarescu, quien garantizó la solidez de bcr, la estabilidad de las cotizaciones de la moneda nacional, asimismo la convicción de la gente de que fueron víctimas de manipulaciones especulativas, contribuyeron a traer de nuevo la calma.","La firme intervención del primer ministro, mugur isarescu, quien garantizó atãngue de bcr, la estabilidad de las cotizaciones pirapire nacionalgua, asimismo la convicción mbyagua de que oha'ekuri víctimas de manipulaciones especulativas, contribuyeron a traer de nuevo kirirĩ."
"La fiscalía general de este país emitió hoy ordenes de detención contra la directiva de sov invest, sociedad que administró el fondo nacional de inversiones, tras comprobarse un agujero de más de 500. 000 dólares de un total de 170 millones de dólares que este fondo privado había atraído de la población.","La fiscalía general ko tetãgui emitió ko'ára ordenes de detención contra la directiva de sov invest, sociedad que administró tugua nacional de inversiones, tras comprobarse un agujero de más de 500. 000 dólares de un total de 170 millones de dólares que ko tugua privado oĩmi atraído tetãgui."
"Asimismo el gobierno rumano anunció hoy medidas legislativas para fortalecer el control sobre los fondos mutuos de inversiones con el objetivo de impedir el fraude, el engaño y la falsa publicidad.","Asimismo porukái rumano okuaaukakuri ko'ára ta'ãnguéra legislativas ojoko fortalecer el control kupekuéra mutuos ári de inversiones ma'erã ndive de impedir pokarẽ, ñuhã ha momarandu añete'ỹ."
"El embajador de ecuador en perú, horacio sevilla, confirmó hoy que el presidente de su país, gustavo noboa, asistirá a la xii cumbre de jefes de estados andinos que se celebrará en lima el 9 y 10 de junio.","El embajador de ecuador en perú, horacio sevilla, omoañetekuri ko'ára que mburuvicha itetãgui, gustavo noboa, asistirá a la xii tu'ã de tendotakuéra de tekokuéra andinos que se oropurahéit en lima el 9 y 10 de junio."
""" es una reunión de gran trascendencia puesto que ahí se hará la reafirmación de la necesidad de la unidad de la comunidad andina, de la unidad de nuestra subregión frente a los grandes desafíos que se nos presentan por la globalización"", manifestó a la prensa peruana.",""" es una reunión de gran trascendencia koty'i que ahí se hará la reafirmación de la necesidad de la unidad de la comunidad andina, de la unidad de nuestra subregión tenonde jeporohekakuéra rusupe que se nos presentan por la globalización"", ho'ytakuri jopyha peruanape."
"Sevilla dijo que"" el presidente del ecuador, el doctor gustavo noboa bejarano estará la próxima semana aquí en lima para participar en la reunión de la comunidad andina"".","Sevilla dijo que"" mburuvicha del ecuador, pohanohára gustavo noboa bejarano oimet arapokõindy kyta'i aquí en lima ojoko participar no'õme de la comunidad andina""."
"A esa cita, indicó, acudirán además los presidentes hugo banzer, de bolivia, andrés pastrana, de colombia, hugo chávez, de venezuela y alberto fujimori, de perú, que es el anfitrión.","A esa cita, indicó, acudirán además mburuvichakuéra hugo banzer, de bolivia, andrés pastrana, de colombia, hugo chávez, de venezuela y alberto fujimori, de perú, que es el anfitrión."
Sevilla expresó que en lima estarán los cinco mandatarios andinos conversando sobre el proceso de integración que impulsan sus países desde hace más de 30 años.,Sevilla expresó que en lima oimet los cinco jokuaipykuéra andinos conversando sobre el proceso de integración que omomymýi itetãnguéra desde ojapo más de 30 años.
"El empresario fiyiano george speight, cabecilla de una intentona golpista, salió hoy del parlamento, donde tiene retenidas a unas treinta personas, para reunirse con los militares y negociar una salida a la crisis que atraviesa fiyi desde hace 14 días.","El empresario fiyiano george speight, mburuvicha una intentona golpistagui, osẽkuri ko'ára ñemongetagui, donde oguereko retenidas a unas treinta personas, para reunirse con los militares ha negociar una salida a la crisis que atraviesa fiyi desde omba'apo 14 días."
"Speight, quien ha definido su acción como un"" golpe de estado civil"" en favor de la comunidad de nativos fiyianos, dejó el recinto del legislativo escoltado por un grupo de soldados.","Speight, quien oime definido itembiapo ajepy'ajoko un"" pete de ñeĩ civil"" en ñepytyvõ de la comunidad de nativos fiyianos, dejó el recinto del legislativo escoltado por un grupo de soldados."
"Según radio fiyi, los golpistas han presentado hoy al régimen militar que encabeza el comandante frank binimarama una propuesta de nueve puntos en la que se exige el fin de la ley marcial, impuesta el lunes, y el retorno de un gobierno civil, en concreto uno decidido por speihgt.","Según radio fiyi, los golpistas han presentado ko'ára al régimen militar que omoñepyrũ mburuvicha frank binimarama una propuesta de nueve puntos en la que se exige opaha tembiapoukapy marcialgua, impuesta el lunes, ha el retorno de un gobierno civil, en concreto ambojuaju decidido por speihgt."
"Los golpistas afirman que el autoproclamado gobierno que formó speight el 20 de mayo tiene"" el mandato del pueblo"", según la fuente.","Los golpistas afirman que el autoproclamado gobierno que formó speight el 20 de mayo oreko"" tembiapoukapy távagui"", según ña'ẽmbe."
"Por parte de los militares, los negociadores de binimarama pondrán sobre la mesa el tema de los rehenes y cuándo tendrá lugar su liberación.","Por parte de los militares, los negociadores de binimarama omoĩt sobre la mesa el tema de los rehenes ha cuándo orekot tekoha ijora."
"Ayer, el régimen de binimarama, que recibió las riendas del país del presidente kamisese mara el lunes pasado, propuso sin éxito a speight establecer un gobierno militar provisional que elabore una nueva constitución y convoque elecciones democráticas en un plazo de unos tres años.","Ayer, el régimen de binimarama, que recibió las riendas del país mburuvichagui kamisese mara el lunes pasado, propuso sin éxito a speight establecer un gobierno militar provisional que elabore una constitución pyahu ha convoque jeporavokuéra democráticas en un plazo de unos tres años."
"Hasta la fecha, speight ha logrado, menos gobernar, todas sus demandas: derogar la constitución, derribar al gobierno democrático del primer ministro mahendra chaudhry, la retirada del presidente kamisese mara y la inmunidad.","Hasta la fecha, speight ha logrado, menos gobernar, todas sus demandas: derogar la constitución, derribar tekuái democráticope del primer ministro mahendra chaudhry, la retirada mburuvichagui kamisese mara ha la inmunidad."
"Por su parte, la comunidad internacional ha condenado desde el principio la intentona golpista que encabeza speight y países como australia y nueva zelanda, entre otros, están a la espera de que los rehenes sean liberados para adoptar sanciones contra fiyi por abandonar la senda de la democracia.","Ipehẽnguere, la comunidad internacional ha condenado desde el principio la intentona golpista que encabeza speight ha tetãnguéra ha'u australia ha nueva zelanda, entre otros, oiko ta'arõme de que los rehenes sean liberados ojoko adoptar ñembyepotikuéra contra fiyi por abandonar guataha de la democracia."
"El primer ministro israelí, ehud barak, llegó hoy jueves a lisboa, donde se entrevistará con el presidente estadounidense, bill clinton, reunión que estaba prevista para esta noche en berlín, segunda etapa del viaje del gobernante estadounidense.","El primer ministro israelí, ehud barak, oguahẽkuri ko'ára jueves a lisboa, donde se oñomongetat mburuvicha estadounidensendi, bill clinton, reunión que estaba prevista omombyta ko pyhare en berlín, segunda ararasa jeguatagua tendota estadounidensegui."
"El avión de barak, procedente de israel, aterrizó a las 8. 15 hora local( 07. 15 gmt), en la base aérea de figo maduro, anexa al aeropuerto internacional de lisboa.","El avión de barak, procedente de israel, oguejykuri a las 8. 15 hora óga( 07. 15 gmt), ropyta aéreape de figo maduro, anexa al aeropuerto internacional de lisboa."
"El primer ministro israelí partió, en medio de fuertes medidas de seguridad, hacia el palacio de sao bento para reunirse con su homólogo portugués, antonio guterres, que preside este semestre el consejo europeo.","El primer ministro israelí omboja'okuri, en ku'a de fuertes ta'ãhakuéra de kyhyje'ỹ, hacia el palacio de sao bento para reunirse con su homólogo portugués, antonio guterres, que preside este semestre ñemoñe'ẽ europeo."
"Posteriormente, barak se entrevistará con clinton, para analizar los nuevos pasos en el proceso de paz en el oriente medio, tras la retirada del ejército israelí del sur de líbano, así como el aumento de las reivindicaciones de la autoridad palestina.","Posteriormente, barak se oñomongetat con clinton, para analizar guatakuéra pyahu en el proceso de ñorairõ'ỹ kuarahysẽha mbyterepe, tras la retirada del ejército israelí del sur de líbano, apyhykuri como el aumento de las reivindicaciones mburuvicha palestinagua."
"Clinton, que se encuentra en lisboa desde el martes pasado, conversó por teléfono ayer, durante 20 minutos, con el presidente de la autoridad nacional palestina, yasser arafat.","Clinton, que se ojohu en lisboa desde el martes pasado, oñomongetakuri por teléfono ayer, durante 20 minutos, mburuvicha ndive mburuvicha nacionalgua palestina, yasser arafat."
"El debate generado en venezuela por el aplazamiento de las"" megaelecciones"" previstas para el pasado domingo ha revuelto el escenario político nacional, con un sólo invitado de piedra: el presidente hugo chávez.","El debate generado en venezuela por el aplazamiento de las"" megaelecciones"" previstas para el pasado domingo oĩ revuelto el escenario político nacional, con un sólo invitado de ita: mburuvicha hugo chávez."
La decisión de prolongar o frenar al pri está en más de 58 millones de mexicanos que han sido inscritos en el padrón electoral para que puedan votar en los comicios del 2 de julio próximo.,La decisión de prolongar o frenar al pri oime en más de 58 millones de mexicanos que han sido inscritos en el padrón electoral ojoko que puedan votar en los comicios del 2 de julio próximo.
"De los seis candidatos que buscan la presidencia de méxico, solamente el oficialista francisco labastida, y el conservador vicente fox, de la alianza por el cambio, tienen mayores posibilidades de ganar las elecciones, según la mayoría de los sondeos de opinión difundidos en los últimos dos meses.","De los seis candidatos que buscan la presidencia de méxico, solamente el oficialista francisco labastida, ha el conservador vicente fox, de la alianza jeva rupi, oguereko mayores jakuéra de ganar poravohakuéra, según la mayoría de los sondeos de ñeimo'ã difundidos en los últimos dos jasykuéra."
"Cuauhtémoc cárdenas, líder del partido de la revolución democrática( prd), quien por tercera vez busca la presidencia, aparece de tercero en las intenciones de votos, mientras que los restantes tres candidatos apenas superan juntos el dos por ciento.","Cuauhtémoc cárdenas, líder ñembosaráigua mbojere democráticagua( prd), quien por tercera jevy busca la presidencia, osẽ de tercero potakuérape de poravokuéra, mientras que los restantes tres candidatos pepy'apy superan juntos el dos por ciento."
"La campaña se ha desarrollado sin incidentes lamentables, aunque el coordinador general del programa de las naciones unidas para la observación electoral, el vietnamita nguyen huu dong, dijo el pasado lunes que la compra y los obstáculos al libre voto, son los temas que más preocupan a los observadores extranjeros.","Okára se oĩ desarrollado sin incidentes lamentables, aunque el coordinador general del programa tetãnguéragua unidas omombyta jehecha electoral, el vietnamita nguyen huu dong, dijo el pasado lunes que mba'eñemu ha jokohakuéra poravo sãsope, oha'e ñe'ẽmbyrãnguéra que más omoangata ma'ẽhakuéra ñande'ỹvape."
"Los observadores temen que las presiones políticas y la compra o coacción del voto, puedan incidir a favor del pri, principalmente en las zonas rurales, aunque admiten que"" es difícil comprobarlo"".","Ma'ẽhakuéra opy'amirĩ que las presiones políticas ha tembijogua térã coacción poravogua, puedan incidir a ñepytyvõ del pri, principalmente en las zonas rurales, aunque admiten que"" oha'e difícil comprobarlo""."
"Para las elecciones, se espera la llegada de más de 450 observadores extranjeros procedentes de unos 21 países, lo mismo que de diversos organismos internacionales.","Opyta poravokuéra, se ojerovia ñeguahẽ de más de 450 ma'ẽhakuéra extranjeros procedentes de unos 21 países, lo mismo que de diversos organismos internacionales."
"Los últimos dos meses de la campaña política han estado marcados por insultos personales, principalmente entre labastida y fox, quienes se han dicho desde"" mariquita"","" feo"","" tonto"","" corrupto"","" papas fritas"","" producto chatarra"" y"" enano"", entre otros calificativos.","Los últimos dos jasykuéra okára políticagua oime tetã marcados por ñe'ẽ'apikuéra personales, principalmente entre labastida ha fox, quienes se oĩ ñe'enga desde"" mariquita"","" feo"","" tonto"","" corrupto"","" yvy'akuéra fritas"","" tembiapokue chatarra"" y"" enano"", entre otros calificativos."
"La"" guerra"" de palabras ha entretenido a muchos mexicanos, mientras que otros exigen que en vez de insultarse, profundicen en sus programas de gobierno en caso de ganar la presidencia.","La"" guerra"" de ñe'ẽnguéra oime entretenido muchos mexicanospe, mientras que otros exigen que en jevy de insultarse, profundicen en sus programas de porukái en caso de ganar la presidencia."
"Según analistas locales, nunca antes el pri había sentido el fantasma de la oposición rondando la residencia de los pinos, aunque hay quienes aseguran que fox sólo podrá vencer a labastida, si logra una alianza sólida con el prd.","Según analistas ógakuéra, nunca antes el pri oĩmi andu angue ñembohováigua rondando la residencia kurí'ykuéragui, aunque hay quienes aseguran que fox sólo podrá vencer a labastida, si logra una alianza mbarete con el prd."
"Pero cárdenas, candidato del prd, ha reiterado esta semana que no hará ninguna alianza con fox, con quien ha intercambiado frases duras en los últimos días.","Jepéramo cárdenas, candidato del prd, ha reiterado ko arapokõindy que nomba'apoit ninguna alianza con fox, con quien ha intercambiado frases peare árakuéra últimospe."
"El mismo fox dijo el pasado lunes que ya no insistirá en pedirle a cárdenas que conformen una fuerza opositora para expulsar al pri del poder, y acusó al líder del prd de tener nexos con labastida.","El mismo fox dijo el pasado lunes que ya ndotu'uit en pedirle a cárdenas que conformen una fuerza opositora para expulsar al pri katugua, ha acusó al líder del prd de tener ñeñapytĩnguéra con labastida."
"El 25 de abril pasado, los seis candidatos a la presidencia participaron en un debate televisivo a nivel nacional que, según las encuestas de opinión, fue ganado por fox.","El 25 de abril pasado, los seis candidatos a la presidencia participaron en un debate televisivo a jojaha nacional que, según las encuestas de ñeimo'ã, oha'ekuri tymba por fox."
"Un segundo debate se celebró el pasado 26 de mayo pero únicamente con la participación de labastida, fox y cárdenas.","Un segundo debate se celebró el pasado 26 de mayo jepéramo únicamente jeike ndive de labastida, fox ha cárdenas."
"Este también lo ganó fox, según la mayoría de las encuestas difundidas por empresas consultoras profesionales, aunque algunos medios de prensa no ocultaron su afecto a los diferentes candidatos y los declararon ganadores por igual.","Este también lo ganó fox, según la mayoría de las encuestas difundidas por empresas consultoras profesionales, aunque algunos medios de jopyha no ocultaron su afecto a los diferentes candidatos ha los declararon ganadores por javeve."
