las reservas , ñongatupykuéra
de ,de
oro ,itaju
y ,ha
divisas ,divisas
de ,de
rusia ,rusia
subieron ,ojupikuri *
millones ,millones
de ,de
dólares ,dólares
y ,ha
de ,de
mayo ,mayo
equivalían ,equivalían
millones ,millones
de ,de
dólares ,dólares
informó ,omomarandukuri *
hoy ,ko'ára
de el banco central , guapyha apytere _gua
el informe , marandu
de ,de
mayo las reservas ,mayo  ñongatupykuéra
de ,de
oro ,itaju
y ,ha
divisas de el banco central ,divisas  apyka apytere _gui
eran ,oha'emi *
de ,de
millones ,millones
de ,de
dólares ,dólares
divisas ,divisas
poder ,katu
de el banco central , apyka apytere _gua
y ,ha
de ,de
finanzas ,finanzas
calculan ,opapa *
dólares ,dólares
estadounidenses ,estadounidenses
y ,ha
su valor depende de el cambio oficial ,i_ kyhyje'ỹ osaingo *  ñembyekovia oficial _gua
rublo ,rublo
establece el banco central ,omohenda *  apyka apytere
las reservas , ñongatupykuéra
oro ,itaju
valoran ,omomba'eguasu *
base ,topyta
dólares ,dólares
estadounidenses ,estadounidenses
de ,de
oro ,itaju
el presidente , mburuvicha
de ,de
la ,la
cree ,oimo'ã *
el gobierno , tekuái
de ,de
para ,ojoko *
poder ,pokatu
mano ,avatisoka
de ,de
obra ,tembiapokue
cálculos ,cálculos
de el departamento , teta'i _gui
de ,de
trabajo ,mba'apo
empleos ,mba'apokuéra
urgió la necesidad de esta medida legal ,omoragẽkuri *  hýi ko ta'ã legal _gui
la pequeña , mitã'i
y ,ha
mediana ,mediana
empresa ,empresa
la ,la
sindicatos ,sindicatos
y ,ha
administraciones ,administraciones
materia ,mba'e
de ,de
prevención ,prevención
no puede ,ndokatui *
ser ,ser
tarde ,tarde
meses ,jasykuéra
para ,omombyta *
un permiso ,un permiso
de ,de
residencia ,jeikoha
de ,de
de ,de
falta ,pokã
de ,de
mano ,avatisoka
de ,de
obra ,japopyre
en su opinión ,i_ ñeimo'ã _me
como ,ajepy'ajoko *
freno a el crecimiento económico ,ajuruka *  mopu'ã económico _me
esta opinión fue ,ko ñeimo'ã ohokuri *
por el presidente , mburuvicha rupi
de ,de
mano ,avatisoka
de ,de
obra ,mba'apokue
como ,ha'u *
no ,no
de ,de
las provincias catalanas , teta'ikuéra catalanas
de ,de
contratación ,contratación
de ,de
extranjeros ,extranjeros
un sistema ,un sistema
y ,ha
rápido ,rápido
en el mercado laboral , ñemuha laboral _pe
ante ,ante
de ,de
ciencia ,emba'ekuaa
y ,ha
tecnología ,tecnología
de ,de
de el gobierno , porukái _gua
julia ,julia
garcía ,garcía
y ,ha
representación ,ta'anga
de el gobierno catalán , tekuái catalán _gua
de ,de
alerta ,atõi
sobre ,sobre
en este sentido ,ko andu _pe
instó ,instó
empresarios ,empresarios
sindicatos ,sindicatos
y ,ha
administraciones ,administraciones
la ley , tembiapoukapy
de ,de
prevención ,prevención
de ,de
riesgos ,kyhyjerãnguéra
en el trabajo , tembiapo _pe
a su juicio ,iñ_ apytu'ũ _me
no vamos ,ndejahai *
bien ,bien
lo ,lo
por su parte ,i_ marandu _re
investigación ,investigación
y ,ha
desarrollo ,ñakãrapu'ã
y ,ha
de el gobierno , porukái _gui
este camino ,ko tape
las pequeñas , mitã'ikuéra
y ,ha
medianas ,medianas
empresas ,empresas
son ,pu
el futuro , tenondegua
de el país , tetã _gui
por su capacidad ,i_ ha'eve _re
para ,ojoko *
con los cambios , jevakuéra ndive
la cena , karu
representa ,omoha'anga *
más ,más
de ,de
han ,oĩ *
desarrollado ,desarrollado
proyectos ,jejaposekuéra
más ,más
así ,apyhykuri *
como ,akaru *
de ,de
economía ,economía
vanguardia ,tenondegua
más ,más
para ,ojoko *
esos remedios ,umi pohãnguéra
extremos ,tĩnguéra
y ,ha
efecto ,ra'ykue
el departamento , teta'i
de ,de
justicia ,tekojoja
dijo ,ho'ytakuri *
no tiene ,ndorekoi *
cuenta el hecho ,omombe'u *  jehupyre
de ,de
ha ,oime *
ha ,oime *
cometido ,cometido
violaciones ,ñerairõnguéra
y ,ha
es ,oha'e *
preciso ,akotevẽ *
remedios ,pohãnguéra
para ,ojoko *
e ,ha
violaciones ,ñerairõnguéra
en el futuro , tenonderã _me
la semana , arapokõindy
pasada ,jehasa
el departamento , teta'i
de ,de
justicia ,tekojoja
y ,ha
los gobiernos , porukáikuéra
de ,de
de ,de
los ,los
demandaron ,demandaron
presentaron a el juez ,orukuri *  yvyrajára _pe
una versión ,una versión
de ,de
solución ,ry
figura la división de la firma ,figura  ñemboja'o  teraguapy _gui
dos ,dos
compañías ,compañías
tomaría ,tomaría
posesión ,jereko
por esta firma ,ko teraguapy rupi
y ,ha
usan ,opuru *
ciento ,ciento
de ,de
todo ,todo
el mundo , yvóra
y ,ha
la ,la
pasaría ,pasaría
todo ,todo
de ,de
office ,office
suite ,suite
y ,ha
los ,los
pero ,jepéramo
el juez , yvyrajára
de ,de
abril ,abril
dictaminó ,dictaminó
incurrió ,incurrió
prácticas ,jepokuaakuéra
de ,de
monopolio ,monopolio
las medidas , ta'ãhakuéra
por el gobierno , tekuái rehe
no son ,ndoha'ei *
y ,ha
manifestó ,ho'ytakuri *
favor ,ñepytyvõ
de ,de
la división , ñepehẽ'a
de la firma , teraguapy _gui
disminuiría ,disminuiría
su capacidad para ,i_ tembiapokuaa ojoko *
en el mercado , ñemuha _pe
de el gobierno , porukái _gui
convertiría ,convertiría
compañía ,compañía
de el mundo , arapy _gua
no ganará ,no ganará
no podrá ,ndokuaait *
de ,de
competencia ,competencia
la ,la
la separación , jopoi
de la firma , teraguapy _gui
es ,oha'e *
de ,de
las ,las
acusa ,acusa
ha ,oime *
sus prácticas comerciales ,i_ jepokuaakuéra comerciales
y ,ha
ha ,oime *
de ,de
ordenadores ,ordenadores
mayor ,mayor
flexibilidad ,flexibilidad
en la elección , poravoha _pe
de ,de
operación ,operación
y ,ha
más ,más
opciones ,poravokuéra
para el uso ,opyta *  jepokuaa
de ,de
programas ,programas
su visión ,i_ jecha
sus recursos legales podrían ,i_ jerekohakuéra legales podrían
tribunales ,tribunales
de ,de
apelación ,apelación
o ,térã
podrían ,podrían
de ,de
justicia ,tekojoja
de ,de
monopolio ,monopolio
el consejo , ñemoñe'ẽ
de ,de
y ,ha
cierres ,cierres
parciales ,parciales
de ,de
las ,las
abren ,ope'a *
hoy ,ko'ára
titula ,titula
primera ,primera
el consejo , ñemoñe'ẽ
de ,de
de ,de
y ,ha
señala ,omoma'ẽ *
de ,de
como ,akaru *
base ,topyta
el informe , marandu
ayer ,ayer
de ,de
la ,la
y ,ha
asegura ,omohatã *
de ,de
batalla ,ñorairõ
de ,de
aznar ,aznar
será ,oha'et *
a la opinión pública , ñeimo'ã pavẽ _me
de los riesgos , kyhyjerãnguéra _gua
de un consumo ,un consumo _gua
y ,ha
desbocado ,desbocado
ver ,ver
la urgencia , tagẽ
de ,de
el mercado laboral , ñemuha laboral
y ,ha
de ,de
los peligros , ñemongyhyjekuéra
por su parte ,i_ pesẽngue rehe
cinco ,cinco
titula ,titula
portada ,portada
de ,de
una nueva ronda ,una ronda pyahu
este año ,ko arajere
cierres ,cierres
parciales ,parciales
la bolsa cae , sapikua okúi *
mayo ,mayo
y ,ha
pierde ,ombyai *
en el año , arajere _pe
bruselas ,bruselas
de ,de
inversión ,inversión
de ,de
la ,la
bolsas ,sapikuakuéra
española ,karaiñe'ẽ
modelos ,modelos
más ,más
europeos ,europeos
y ,ha
considera estos cambios lógicos ,considera ko'ã jevakuéra lógicos
resulta ,resulta
las bolsas europeas , sapikuakuéra europeas
sus normas ,i_ tekorãnguéra
de ,de
contratación ,contratación
gestores ,gestores
inversores ,inversores
y ,ha
operadores ,operadores
de los negocios , ñemukuéra _gui
señala ,omoma'ẽ *
portada ,portada
contra ,contra
de ,de
la ,la
el comercio electrónico supera , ñemu electrónico supera
mitiga las pérdidas ,ombovevúi *  jerokañynguéra
y ,ha
cierra ,omboty *
de ,de
de ,de
de el informe , marandu _gui
de ,de
la ,la
puede ,okuaa *
este mismo año ,ko arajere ae
de ,de
todo ,todo
hoy ,ko'ára
una maratoniana negociación ,una negociación maratoniana
de ,de
sobre ,sobre
la ,la
de ,de
desempleo ,desempleo
el interés , kuaase
de ,de
de ,de
las ,las
cinco ,cinco
grandes ,grandes
centrales ,centrales
proyecto ,ñeimo'ã
de ,de
protocolo ,protocolo
de ,de
acuerdo ,ñe'ẽjoaju
los agentes sociales volverán , tahachikuéra jojapy ojevyt *
reafirma la relación ,reafirma  jokuaa
de ,de
desempleo ,desempleo
y ,ha
la ,la
pero ,jepéramo
como ,akaru *
confederación ,confederación
francesa ,francesa
de el trabajo , mba'apo _gua
fuerza ,mbaretekue
obrera ,mba'apohára
confederación ,confederación
francesa ,francesa
de ,de
trabajadores ,mba'apohárakuéra
cristianos ,cristianos
y ,ha
confederación ,confederación
francesa ,francesa
de ,de
directivos ,directivos
de ,de
empresas ,empresas
de el trabajo , ñemba'apo _gua
el proyecto , jejapose
por el movimiento , jeku'e rupi
de ,de
empresas ,empresas
francesas ,francesas
no da ,nombojárai *
respuesta ,mbohovái
no cobran una indemnización ,no cobran una indemnización
de ,de
el documento propone , kuatia propone
contrato ,contrato
ayuda ,ñepysyrõ
para ,opyta *
a el empleo , mba'apo _pe
a las personas , avakuéra _pe
las ,las
listas de el paro ,listas  pytu'u _gui
de ,de
enero ,enero
de ,de
de ,de
indemnización ,indemnización
y ,ha
de ,de
empleo ,mba'apo
firma ,teraguapy
da ,ombojára *
derecho ,derecho
subsidio de el paro ,subsidio  pytu'u _gua
y ,ha
a los servicios , pytyvõnguéra _pe
de esta forma ,ko ta'anga _gua
es la firma ,oha'e *  teraguapy
de ,de
da ,ombojára *
derecho ,derecho
de ,de
subsidios ,pytyvõnguéra
y ,ha
no ,no
el simple hecho , jehupyre ndahasýi
de ,de
haber ,haber
administra ,administra
de ,de
desempleo ,desempleo
búsqueda ,tembireka
activa ,activa
de ,de
empleo ,mba'apo
a los retos profesionales , ja'okuéra profesionales _pe
y ,ha
entrevistas ,ñomongetakuéra
de esos compromisos ,umi poroapytĩnguéra _gua
sería ,sería
reducciones ,ñemomichĩnguéra
en el subsidio , pytyvõ _me
de ,de
desempleo ,desempleo
el carácter obligatorio , reko obligatorio
de ,de
y ,ha
las sanciones , jepykuéra
son ,pu
más ,más
el texto , kuatia
de ,de
de ,de
contratos ,contratos
de ,de
trabajo ,tembiapo
de una duración ,una duración _gui
meses ,jasykuéra
cinco ,cinco
años ,arajerekuéra
y ,ha
de ,de
meses ,jasykuéra
de ,de
referencia ,referencia
exige ,exige
haber ,haber
para ,omombyta *
poder ,pokatu
el subsidio , pytyvõ
de ,de
desempleo ,desempleo
de las licencias , sãsokuéra _gui
de ,de
telefonía ,telefonía
móvil ,móvil
permitirá ,omoneĩt *
el mercado , ñemuha
operadores ,operadores
de ,de
servicios ,pytyvõnguéra
dijo ,ho'ytakuri *
hoy ,ko'ára
el presidente , mburuvicha
de el mercado , ñemuha _gui
quintana ,quintana
intervino ,oñemoingekuri *
hoy ,ko'ára
en unas jornadas ,unas jornadas _pe
sobre ,sobre
acceso ,acceso
radio en el bucle local ,radio  avakua apegua _pe
de ,de
abonado ,abonado
asociación ,asociación
y ,ha
dijo ,ho'ytakuri *
las ,las
concesión ,mba'eme'ẽ
de ,de
licencias ,sãsokuéra
español ,karaiñe'ẽ
concurso ,concurso
y ,ha
no ,no
subasta ,subasta
el estado , teko
pero ,jepéramo
pueden ,okatu *
su red ,i_ kyha
más ,más
operadores ,operadores
de ,de
servicios ,pytyvõnguéra
móviles ,móviles
la red , kyha
de ,de
telecomunicaciones ,telecomunicaciones
licencias ,sãsokuéra
de ,de
móvil ,móvil
el presidente , mburuvicha
de el mercado , ñemuha _gui
competencia ,competencia
todo ,todo
el mundo , arapy
como ,añemboapyte *
consecuencia ,tapykuegua
de ,de
ha ,oĩ *
hecho ,jehupyre
principios ,ñepyrũnguéra
y ,ha
no ,no
técnicos ,técnicos
y ,ha
este mercado ,ko ñemuha
como ,añemboapyte *
quintana ,quintana
la apertura , jepe'a
de la red , kyha _gua
de ,de
telefonía ,telefonía
local ,óga
de ,de
a otros operadores ,otros operadores _pe
no es la solución total ,ndoha'ei *  ry oĩmbáva
en la red , kyha _pe
no ,no
como una inversión atractiva ,ajepy'ajoko * una inversión kavure'i
y ,ha
el gobierno debe , tekuái debe
la puesta , ñemoĩ
marcha de las licencias ,marcha  sãsokuéra _gui
de ,de
telefonía ,telefonía
local ,óga
vía ,guataha
radio ,radio
va ,oho *
han ,oĩ *
ganado ,tymba
quintana ,quintana
explicó ,omosakãkuri *
de ,de
periodistas ,periodistas
vía ,tape
radio ,radio
telefonía ,telefonía
tecnologías ,tecnologías
móviles ,móviles
por la llegada , ñeguahẽ rehe
de ,de
nuevas ,nuevas
tecnologías ,tecnologías
y ,ha
de ,de
permitirá ,omboajet *
los ,los
tienen estas licencias ,oreko * ko'ã sãsokuéra
telefonía ,telefonía
local ,óga
vía ,guataha
radio ,radio
el presidente , mburuvicha
mostró ,mostró
partidario ,rapykuerigua
de ,de
como ,ha'u *
puede ,opojái *
ser ,ser
a la información , momarandu _pe
de ,de
a otros operadores ,otros operadores _pe
sobre la oferta , ñekuave'ẽ ári
de ,de
interconexión ,interconexión
de otros operadores ,otros operadores _gua
acaba ,opa *
de ,de
quintana ,quintana
dijo ,ho'ytakuri *
y ,ha
pronto ,pronto
darán ,ome'ẽt *
servicios ,pytyvõnguéra
y ,ha
es ,oha'e *
imposible ,imposible
todos ,todos
y ,ha
trata ,trata
de ,de
el mercado , ñemuha
no ,no
lo ,lo
hay ,oĩ *
investigación ,investigación
es el camino para el crecimiento ,oha'e *  tape  ñembotuicha g̃uarã
y ,ha
la prosperidad económica , po'a económica
afirmaron ,afirmaron
hoy ,ko'ára
empresarios ,empresarios
de ,de
y ,ha
el director , ruvicha
de ,de
investigación ,investigación
de ,de
abogaron ,abogaron
cultura ,arandu
científica ,científica
de los ciudadanos , tetaguãnguéra _gui
y ,ha
la ,la
cultura ,arandu
de el libro , kuatia _gui
la prosperidad , po'a
de ,de
el secretario general , pytyvõha pavẽ
de ,de
abogó por la formación ,abogó  tesape'a _re
temas ,ñe'ẽmbyrãnguéra
de ,de
innovación ,innovación
investigación ,investigación
en la unión europea , jejura europea _pe
sitúa ,omohenda *
ciento ,ciento
de ,de
frente ,syva
ciento ,ciento
japón ,japón
y ,ha
está ,oime *
el buen camino , tape marangatu
y ,ha
está ,oiko *
en este sentido ,ko andu _pe
de ,de
ciencia ,pokuaa
y ,ha
tecnología ,tecnología
y ,ha
a las primeras declaraciones , ñemombe'ukuéra primeras _pe
sobre ,sobre
desarrollo ,ñakãrapu'ã
e ,ha
innovación ,innovación
el representante , mbuekovia
aseguró ,omombaretekuri *
y ,ha
y ,ha
ofreció el apoyo ,oropojáikuri *  pytyvõ
de ,de
la ,la
de los retos , ja'okuéra _gui
gobierno en esta materia ,asãmbyhy * ko mba'e _pe
investigación ,investigación
contribuye a la prosperidad económica ,contribuye  po'a económica _pe
y ,ha
destacó la colaboración ,destacó  ñepytyvõ
y ,ha
estados ,tetãnguéra
en este campo ,ko ñu _me
el libro , kuatia
hoy ,ko'ára
recoge ,omono'õ *
de ,de
forma ,ysaja
de ,de
desarrollo ,ñakãrapu'ã
de ,de
universitaria ,universitaria
americana ,americana
y ,ha
propone ,propone
la enseñanza para , moaranduha opyta *
la provisión futura , jegueru upeigua
de ,de
científicos ,científicos
sobresalientes ,sobresalientes
y ,ha
pone ,omoĩ *
de ,de
manifiesto ,manifiesto
centran ,omombyte *
más ,más
la ,la
objetivos ,temimo'ãnguéra
de ,de
mercado ,ñemuha
este documento ,ko kuatia
como ,akaru *
de ,de
hace ,ojapo *
hincapié ,hincapié
investigación ,investigación
son ,pu
el conocimiento básico tiende , jekuaa básico omosaingo *
ser ,ser
innovaciones ,innovaciones
producen ,omoheñói *
beneficios ,beneficios
para el director general ,ojoko *  ruvicha pavẽ
de ,de
investigación ,investigación
de ,de
la ,la
es ,oha'e *
fondo ,tugua
de ,de
calidad ,calidad
e ,ha
la colaboración , pytyvõ
y ,ha
técnicos ,técnicos
y ,ha
el sector productivo , pehẽngue productivo
de ,de
dijo ,ho'ytakuri *
hoy ,ko'ára
efe ,efe
los agentes sociales deben , tahachikuéra jojapy deben
mentalidad ,mentalidad
la ,la
con el presidente , mburuvicha ndive
de el gobierno , porukái _gui
maría ,maría
aznar ,aznar
trata ,trata
de ,de
los intereses generales , kuaasekuéra pavẽ
de los españoles , karaiñe'ẽnguéra _gua
cuenta ,cuenta
es el país de la unión europea ,oha'e *  tetã  ñomoirũ europea _gui
más ,más
empleo ,mba'apoha
ha ,oime *
registra ,ojepovyvy *
mayor ,mayor
crecimiento ,akãrapu'ã
en su opinión ,i_ ñeimo'ã _me
de ,de
relevancia ,relevancia
la reunión , no'õ
celebrará ,oropurahéit *
aznar ,aznar
con el dirigente , myenondehára ndive
maría ,maría
cuevas ,itakuakuéra
y ,ha
los ,los
de ,de
el interés , kuaase
de ,de
aznar ,aznar
y ,ha
de ,de
proceso de el diálogo social ,proceso  ñomongeta jojapy _gui
eje ,eje
el gobierno , tekuái
y ,ha
resultados ,tembiapokuekuéra
para el empleo ,ojoko *  mba'apoha
y ,ha
la seguridad social , kyhyje'ỹ jojapy
la reforma laboral , ñembopyahu laboral
de ,de
fruto ,‘a
de los acuerdos , jurupeteĩnguéra _gui
con los agentes sociales , tahachikuéra jojapy ndive
tuvo ,oguerekokuri *
efectos ,ra'ykuekuéra
sobre el empleo , tembiapo ári
y ,ha
sirvió ,opytyvõkuri *
para ,omombyta *
el crecimiento , mopu'ã
produjo ,omoheñóikuri *
de ,de
dicha ,tory
reforma ,ñembopyahu
de ,de
así ,ajapyhykuri *
tiempo ,ára
parcial ,parcial
las relaciones laborales , jokuaakuéra laborales
juicio ,apytu'ũ
de ,de
es ,oha'e *
en la reforma laboral , ñembopyahu laboral _pe
fin ,opa
de ,de
más ,más
empleo ,mba'apoha
de ,de
temporalidad ,temporalidad
y ,ha
en el trabajo , tembiapo _pe
banco ,apyka
uno ,añopẽ *
de ,de
los ,los
bancos ,apykakuéra
más ,más
grandes ,grandes
anunció ,oñandukakuri *
hoy ,ko'ára
despedirá ,despedirá
empleados ,tembiguáikuéra
más ,más
de ,de
finales ,apykuéra
de el año , arajere _gua
de ,de
saneamiento ,ñemohesãi
el director , sãmbyhyha
de el banco , apyka _gua
y ,ha
no ,no
la reducción , ñemomichĩ
el estado dispone , ñeĩ omoĩ *
de ,de
ciento ,ciento
de las acciones , tembiapokuéra _gui
de ,de
y ,ha
el gobierno checo quiere , tekuái checo opota *
de ,de
privatización ,privatización
de este banco ,ko guapyha _gua
en este año ,ko arajere _pe
y ,ha
septiembre ,septiembre
de ,de
de los objetivos , jejaporãnguéra _gui
es ,oha'e *
los errores , jejavykuéra
obligaron a el gobierno ,ojurakuri *  tekuái _pe
créditos ,créditos
de ,de
millones ,millones
de ,de
coronas ,coronas
millones ,millones
de ,de
dólares ,dólares
permitirá a el banco ,omoneĩt *  apyka _pe
es ,oha'e *
condición ,condición
para ,opyta *
de el banco , apyka _gui
está ,oĩ *
por la violación , ñerairõ rupi
de los límites , apýrakuéra _gui
de ,de
crédito ,crédito
en sus negocios ,i_ ñemukuéra _pe
y ,ha
supusieron ,supusieron
pérdidas ,jerokañynguéra
a el banco , guapyha _pe
de ,de
millones ,millones
de ,de
dólares ,dólares
el año , arajere
pasado ,pasado
cambios ,ñembyekoviakuéra
de ,de
directivos ,directivos
a todos los ,todos los _pe
niveles ,yvatekuekuéra
desde su director general ,i_ mburuvicha pavẽ guive
y ,ha
presidente ,mburuvicha
jan ,jan
y ,ha
personal ,personal
medio ,apyte
tenía una plantilla ,aguerekomi * una plantilla
de ,de
empleados ,tembiguáikuéra
fines ,apýrakuéra
de ,de
de el presente año , arajere ãgagua _gui
y ,ha
funcionarios ,tembijokuáikuéra
fueron ,oha'ekuri *
de ,de
los ,los
está ,oĩ *
por la reducción , ñemomichĩ _re
la caja checa , ryru checa
de ,de
ahorros ,ahorros
los ,los
y ,ha
tiene ,oguereko *
de el fin , tenonderã _gui
de el año , arajere _gua
el banco comercial , guapyha comercial
checoslovaco ,checoslovaco
por el banco belga , guapyha belga rehe
y ,ha
el banco , guapyha
de ,de
inversiones ,inversiones
y ,ha
postal ,postal
moderada ,moderada
la reducción , ñemomichĩ
de ,de
plantilla ,plantilla
años ,arajerekuéra
bancos ,apykakuéra
ha ,oime *
de ,de
alrededor ,alrededor
de ,de
pero ,jepéramo
siguen ,omoña *
de ,de
principio ,ñepyrũ
establece el cambio ,omohenda *  ñembyekovia
de ,de
acciones ,tembiapokuéra
de ,de
el acuerdo , jurupeteĩ
de ,de
capital ,capital
de ,de
francos ,francos
suizos ,suizos
y ,ha
un dividendo especial ,un dividendo poravopyre
de ,de
francos ,francos
suizos ,suizos
de ,de
condicionado ,condicionado
de ,de
ciento ,ciento
de las acciones , tembiapokuéra _gua
circulación ,syry
de ,de
cabo ,apy
ingresos ,jeikekuéra
combinados ,combinados
de ,de
millones ,millones
de ,de
dólares ,dólares
supondrán ,supondrán
de ,de
millones ,millones
de ,de
dólares ,dólares
el acuerdo , ñe'ẽjoaju
ha ,oime *
el apoyo , pytyvõ
de ,de
de ,de
proporcionará ,ombopojáit *
ciento ,ciento
de las acciones , tembiapokuéra _gua
circulación ,syry
de ,de
través ,través
de ,de
prensa ,jopyha
el presidente , mburuvicha
de ,de
estoy ,aime *
seguro ,seguro
y ,ha
espero ,ajerovia *
de ,de
en una nueva industria ,una industria pyahu _pe
líder ,líder
nivel ,jojaha
en el sector , pehẽngue _pe
y ,ha
por su parte ,i_ pehẽngue rehe
el director ejecutivo , mburuvicha ejecutivo
de ,de
posición ,ñeĩha
para ,opyta *
las necesidades , kotevẽmbykuéra
es ,oha'e *
de el mundo , yvóra _gui
de ,de
aluminio ,aluminio
cuenta ,cuenta
operaciones ,operaciones
países ,tetãnguéra
y ,ha
emplea ,oporu *
alrededor ,alrededor
de ,de
de ,de
aluminio ,aluminio
y ,ha
productos ,tembiapokuekuéra
derivados ,derivados
presente ,presente
países ,tetãnguéra
y ,ha
opera en el sector ,otyembovo *  pehẽngue _pe
de ,de
aluminio ,aluminio
y ,ha
con una fuerte presencia ,una presencia mbarete _ndi
en el sector , pehẽngue _pe
de ,de
la ,la
y ,ha
de ,de
productos ,tembiapokuekuéra
cosméticos ,cosméticos
y ,ha
farmacéuticos ,pohanohárakuéra
de ,de
café ,café
aumentó ,okakuaakuri *
cerca ,mongoraha
de ,de
ciento ,ciento
lo ,lo
de ,de
los ,los
calcula ,opapa *
y ,ha
ciento ,ciento
de ,de
kilos ,kilos
de ,de
café ,café
persona a el año ,persona  arajere _pe
de ,de
café ,café
cerca ,mongoraha
de ,de
kilos ,kilos
persona ,avaite
los ,los
más ,más
reservados ,reservados
apenas ,pepy'apy *
kilos ,kilos
cabeza ,ruvicha
a el año , arajere _pe
y ,ha
de ,de
junio ,junio
encontrarán ,ojohut *
cerca ,mongoraha
de ,de
expertos ,expertos
de ,de
congreso ,congreso
europeo ,europeo
sobre ,sobre
café ,café
y ,ha
la búsqueda , teka
de ,de
caminos ,tapekuéra
la policía , tahachi
y ,ha
puso ,omoĩkuri *
financiero ,financiero
de ,de
la última semana , arapokõindy última
la ,la
calma a los mercados ,omombytu'u *  ñemuhakuéra _pe
campaña ,okára
por el consejo supremo , ñemoñe'ẽ supremo _re
de ,de
defensa ,defensa
de el país , tetã _gui
como ,ha'u *
amenaza a la seguridad nacional ,amenaza  kyhyje'ỹ nacional _me
a el tiempo , ára _pe
la ,la
calificaba ,calificaba
de ,de
y ,ha
los efectos negativos , ra'ykuekuéra negativos
plano ,plano
interno ,interno
y ,ha
la desconfianza , jepoyhu
de ,de
cientos ,cientos
de ,de
miles ,miles
de ,de
rumanos ,rumanos
en las autoridades , mburuvichakuéra _pe
de el estado , ñeĩ _gua
el fondo monetario , guy monetario
internacional ,internacional
aplazó ,ombo'arekuri *
de el acuerdo , oñoñe'ẽ _gui
de ,de
importancia ,importancia
capital ,capital
la ,la
quiebra de el fondo nacional ,osoite *  tevi nacional _gui
de ,de
inversores ,inversores
mayor ,mayor
fondo ,tugua
mutuo ,mutuo
semana ,arapokõindy
pasada ,jehasa
fue ,oha'ekuri *
seguida ,seguida
intentos ,intentos
en el banco comercial , guapyha comercial _pe
rumano ,rumano
de el estado , teko _gua
y ,ha
entidad ,entidad
la ,la
millones ,millones
de ,de
rumanos ,rumanos
las pruebas , ha'ãnguéra
recogidas ,recogidas
por la policía , tahachi rupi
así ,apyhykuri *
como ,añemboapyte *
informaciones ,momarandukuéra
de ,de
prensa ,jopyha
fueron ,ohokuri *
grupos ,atykuéra
difundieron ,omosarambikuri *
rumores ,terakuãnguéra
sobre la inminente quiebra , jeso inminente ári
de ,de
través ,través
de ,de
llamadas ,tenóikuéra
y ,ha
mensajes ,tembi'eukakuéra
correo ,correo
de estas llamadas ,ã tenóikuéra _gua
de ,de
fútbol ,fútbol
comprobó ,comprobó
desde un teléfono ,un teléfono guive
de el banco popular , apyka ka'avo _gui
rumano ,rumano
director ,mburuvicha
ha ,oime *
hasta el fin , apy peve
garantizó la solidez ,garantizó  atãngue
de ,de
de la moneda nacional , pirapire nacional _gua
de la gente , mbya _gua
de ,de
fueron ,oha'ekuri *
víctimas ,víctimas
de ,de
manipulaciones ,manipulaciones
contribuyeron ,contribuyeron
de ,de
la calma , kirirĩ
de este país ,ko tetã _gui
emitió ,emitió
hoy ,ko'ára
de ,de
detención ,detención
contra ,contra
administró el fondo nacional ,administró  tugua nacional
de ,de
inversiones ,inversiones
de ,de
más ,más
de ,de
dólares ,dólares
de ,de
millones ,millones
de ,de
dólares ,dólares
este fondo privado había ,ko tugua privado oĩmi *
de la población , tetã _gui
el gobierno rumano anunció , porukái rumano okuaaukakuri *
hoy ,ko'ára
medidas ,ta'ãnguéra
para ,ojoko *
sobre los fondos mutuos , kupekuéra mutuos ári
de ,de
inversiones ,inversiones
con el objetivo , ma'erã ndive
de ,de
el fraude , pokarẽ
el engaño , ñuhã
y ,ha
la falsa publicidad , momarandu añete'ỹ
de ,de
ecuador ,ecuador
confirmó ,omoañetekuri *
hoy ,ko'ára
el presidente , mburuvicha
de su país ,i_ tetã _gui
asistirá ,asistirá
la ,la
cumbre ,tu'ã
de ,de
jefes ,tendotakuéra
de ,de
estados ,tekokuéra
andinos ,andinos
celebrará ,oropurahéit *
lima ,lima
de ,de
junio ,junio
de ,de
trascendencia ,trascendencia
puesto ,koty'i
frente ,tenonde
a los grandes desafíos , jeporohekakuéra rusu _pe
nos ,nos
manifestó a la prensa peruana ,ho'ytakuri *  jopyha peruana _pe
el presidente , mburuvicha
el doctor , pohanohára
estará la próxima semana ,oimet *  arapokõindy kyta'i
lima ,lima
para ,ojoko *
en la reunión , no'õ _me
los presidentes , mburuvichakuéra
lima ,lima
estarán ,oimet *
los ,los
cinco ,cinco
mandatarios ,jokuaipykuéra
andinos ,andinos
de ,de
integración ,integración
impulsan sus países ,omomymýi * i_ tetãnguéra
hace ,ojapo *
más ,más
de ,de
cabecilla ,mburuvicha
de una intentona golpista ,una intentona golpista _gui
salió ,osẽkuri *
hoy ,ko'ára
de el parlamento , ñemongeta _gui
tiene ,oguereko *
retenidas ,retenidas
y ,ha
hace ,omba'apo *
ha ,oime *
definido ,definido
su acción ,i_ tembiapo
como ,ajepy'ajoko *
golpe ,pete
de ,de
estado ,ñeĩ
civil ,civil
favor ,ñepytyvõ
de ,de
nativos ,nativos
fiyianos ,fiyianos
de ,de
soldados ,soldados
hoy ,ko'ára
encabeza el comandante ,omoñepyrũ *  mburuvicha
de ,de
puntos ,puntos
la ,la
exige el fin de la ley marcial ,exige  opaha  tembiapoukapy marcial _gua
y ,ha
concreto ,concreto
uno ,ambojuaju *
de ,de
mayo ,mayo
tiene ,oreko *
el mandato , tembiapoukapy
de el pueblo , táva _gui
la fuente , ña'ẽmbe
de ,de
pondrán ,omoĩt *
sobre ,sobre
la ,la
y ,ha
tendrá ,orekot *
lugar ,tekoha
su liberación ,i_ jora
de ,de
de el presidente , mburuvicha _gui
pasado ,pasado
éxito ,éxito
una nueva constitución ,una constitución pyahu
y ,ha
elecciones ,jeporavokuéra
de ,de
a el gobierno democrático , tekuái democrático _pe
de el presidente , mburuvicha _gui
y ,ha
por su parte ,i_ pehẽngue _re
condenado ,condenado
y ,ha
países ,tetãnguéra
como ,ha'u *
y ,ha
nueva ,nueva
están a la espera ,oiko *  ta'arõ _me
de ,de
liberados ,liberados
para ,ojoko *
sanciones ,ñembyepotikuéra
contra ,contra
la senda , guataha
israelí ,israelí
llegó ,oguahẽkuri *
hoy ,ko'ára
jueves ,jueves
entrevistará con el presidente estadounidense ,oñomongetat *  mburuvicha estadounidense _ndi
para esta noche ,omombyta * ko pyhare
segunda ,segunda
etapa ,ararasa
de el viaje , jeguata _gua
de el gobernante estadounidense , tendota estadounidense _gui
de ,de
de ,de
aterrizó ,oguejykuri *
las ,las
hora ,hora
local ,óga
en la base aérea , ropyta aérea _pe
de ,de
de ,de
israelí ,israelí
partió ,omboja'okuri *
medio ,ku'a
de ,de
fuertes ,fuertes
medidas ,ta'ãhakuéra
de ,de
seguridad ,kyhyje'ỹ
de ,de
el consejo europeo , ñemoñe'ẽ europeo
entrevistará ,oñomongetat *
los nuevos pasos , guatakuéra pyahu
de ,de
paz ,ñorairõ'ỹ
en el oriente medio , kuarahysẽha mbytere _pe
de ,de
así ,apyhykuri *
de la autoridad palestina , mburuvicha palestina _gua
encuentra ,ojohu *
pasado ,pasado
conversó ,oñomongetakuri *
teléfono ,teléfono
ayer ,ayer
con el presidente , mburuvicha ndive
de la autoridad nacional , mburuvicha nacional _gua
palestina ,palestina
de ,de
las ,las
domingo ,domingo
ha ,oĩ *
revuelto ,revuelto
invitado ,invitado
de ,de
piedra ,ita
el presidente , mburuvicha
de ,de
está ,oime *
más ,más
de ,de
millones ,millones
de ,de
mexicanos ,mexicanos
para ,ojoko *
de ,de
de ,de
julio ,julio
de ,de
los ,los
de ,de
y ,ha
por el cambio , jeva rupi
tienen ,oguereko *
mayores ,mayores
posibilidades ,jakuéra
de ,de
las elecciones , poravohakuéra
de ,de
opinión ,ñeimo'ã
meses ,jasykuéra
líder ,líder
de el partido , ñembosarái _gua
de la revolución democrática , mbojere democrática _gua
tercera ,tercera
vez ,jevy
aparece ,osẽ *
de ,de
tercero ,tercero
en las intenciones , potakuéra _pe
de ,de
votos ,poravokuéra
candidatos ,candidatos
apenas ,pepy'apy *
superan ,superan
dos ,dos
ciento ,ciento
la campaña , okára
ha ,oĩ *
desarrollado ,desarrollado
incidentes ,incidentes
de ,de
programa de las naciones ,programa  tetãnguéra _gua
para la observación electoral ,omombyta *  jehecha electoral
lunes ,lunes
la compra , mba'eñemu
y ,ha
los obstáculos , jokohakuéra
a el libre voto , poravo sãso _pe
son los temas ,oha'e *  ñe'ẽmbyrãnguéra
más ,más
preocupan a los observadores extranjeros ,omoangata *  ma'ẽhakuéra ñande'ỹva _pe
los observadores temen , ma'ẽhakuéra opy'amirĩ *
y ,ha
la compra , tembijogua
o ,térã
coacción ,coacción
de el voto , poravo _gua
favor ,ñepytyvõ
de ,de
es ,oha'e *
para las elecciones ,opyta *  poravokuéra
espera la llegada ,ojerovia *  ñeguahẽ
de ,de
más ,más
de ,de
observadores ,ma'ẽhakuéra
extranjeros ,extranjeros
de ,de
lo ,lo
meses ,jasykuéra
de la campaña política , okára política _gua
han ,oime *
estado ,tetã
insultos ,ñe'ẽ'apikuéra
personales ,personales
y ,ha
fox ,fox
han ,oĩ *
dicho ,ñe'enga
papas ,yvy'akuéra
fritas ,fritas
producto ,tembiapokue
chatarra ,chatarra
de ,de
palabras ,ñe'ẽnguéra
ha ,oime *
entretenido ,entretenido
a muchos mexicanos ,muchos mexicanos _pe
exigen ,exigen
vez ,jevy
de ,de
de ,de
gobierno ,porukái
caso ,caso
de ,de
analistas ,analistas
locales ,ógakuéra
había ,oĩmi *
sentido ,andu
el fantasma , angue
de la oposición , ñembohovái _gua
la ,la
residencia de los pinos ,residencia  kurí'ykuéra _gui
si ,si
logra una alianza sólida ,logra una alianza mbarete
pero ,jepéramo
candidato ,candidato
de ,de
esta semana ,ko arapokõindy
no hará ninguna alianza ,nomba'apoit * ninguna alianza
fox ,fox
frases ,frases
duras en los últimos días ,peare *  árakuéra últimos _pe
lunes ,lunes
no insistirá ,ndotu'uit *
de el poder , katu _gua
y ,ha
de ,de
nexos ,ñeñapytĩnguéra
de ,de
abril ,abril
pasado ,pasado
candidatos ,candidatos
nivel ,jojaha
de ,de
opinión ,ñeimo'ã
fue ,oha'ekuri *
ganado ,tymba
fox ,fox
de ,de
mayo ,mayo
pero ,jepéramo
con la participación , jeike ndive
de ,de
fox ,fox
y ,ha
lo ,lo
ganó ,ganó
fox ,fox
empresas ,empresas
consultoras ,consultoras
profesionales ,profesionales
de ,de
prensa ,jopyha
y ,ha
los ,los
declararon ,declararon
ganadores ,ganadores
igual ,javeve
