esos vinos comprometían,umi kaguykuéra nporoapytĩri
esos paraderos no juran estos exámenes,umi pytahakuéra nñe'ẽme'ẽi ã kuaara'ãnguéra
esos paraderos no juran estos exámenes,umi pytahakuéra nñe'ẽme'ẽi ã porandupyrãnguéra
esos paraderos no juran estos exámenes,umi pytahakuéra nñe'ẽme'ẽi ko'ã kuaara'ãnguéra
esos paraderos no juran estos exámenes,umi pytahakuéra nñe'ẽme'ẽi ko'ã porandupyrãnguéra
esos paraderos no juran estos exámenes,umi tekohakuéra nñe'ẽme'ẽi ã kuaara'ãnguéra
esos paraderos no juran estos exámenes,umi tekohakuéra nñe'ẽme'ẽi ã porandupyrãnguéra
esos paraderos no juran estos exámenes,umi tekohakuéra nñe'ẽme'ẽi ko'ã kuaara'ãnguéra
esos paraderos no juran estos exámenes,umi tekohakuéra nñe'ẽme'ẽi ko'ã porandupyrãnguéra
estos resoplidos contarán,ã tĩmbukuéra nmombe'ui
estos resoplidos contarán,ã tĩmbukuéra ndpapai
estos resoplidos contarán,ko'ã tĩmbukuéra nmombe'ui
estos resoplidos contarán,ko'ã tĩmbukuéra ndpapai
este diafragma no aplaude aquella oportunidad,ko py'asãngue ndjepopetei amo ja
este diafragma no aplaude aquella oportunidad,ko py'asãngue ndjepopetei aipo ja
este diafragma no aplaude aquella oportunidad,ko py'asãngue ndjepopetei ako ja
vuestro salvado moría,pende rora ndarapai
vuestro salvado moría,pende rora nmanoi
vuestro salvado moría,pende rora ndpytupai
vuestro salvado moría,pende rorakue ndarapai
vuestro salvado moría,pende rorakue nmanoi
vuestro salvado moría,pende rorakue ndpytupai
vuestras toallas no testimoniaban este edificio,pene aomokãrãnguéra nmombe'ui ko óga
las adquisiciones fijan,rekéchokuéra ndjatykai
las adquisiciones fijan,rekéchokuéra nmbojai
las adquisiciones fijan,rekéchokuéra nmombytai
el chiquero valió,kurekua ndvalei
estas gallinas no presentaron,ã ryguasukuéra ndguerui
estas gallinas no presentaron,ã ryguasukuéra nkuave'ẽi
estas gallinas no presentaron,ã ryguasukuéra ndrui
estas gallinas no presentaron,ko'ã ryguasukuéra ndguerui
estas gallinas no presentaron,ko'ã ryguasukuéra nkuave'ẽi
estas gallinas no presentaron,ko'ã ryguasukuéra ndrui
la socia baja nuestros vocabularios,irũ ndguejyi ñane ñe'ẽndykuéra
la socia baja nuestros vocabularios,irũ ndguejyi ore ñe'ẽndykuéra
la socia baja nuestros vocabularios,irũ ndguyi ñane ñe'ẽndykuéra
la socia baja nuestros vocabularios,irũ ndguyi ore ñe'ẽndykuéra
la socia baja nuestros vocabularios,irũ nmboguejyi ñane ñe'ẽndykuéra
la socia baja nuestros vocabularios,irũ nmboguejyi ore ñe'ẽndykuéra
la socia baja nuestros vocabularios,irũ ndrojyi ñane ñe'ẽndykuéra
la socia baja nuestros vocabularios,irũ ndrojyi ore ñe'ẽndykuéra
nuestra provincia obrará,ñande teta'i ndkakai
nuestra provincia obrará,ñande teta'i nmba'apoi
nuestra provincia obrará,ore teta'i ndkakai
nuestra provincia obrará,ore teta'i nmba'apoi
los viejos estrenaban,lekajakuéra nmoñepyrũi
los viejos estrenaban,lepijukuéra nmoñepyrũi
las tiendas parten,ñemuhakuéra ndhoi
las tiendas parten,ñemuhakuéra ndjehekýiri
las tiendas parten,ñemuhakuéra nmboja'oi
las tiendas parten,ñemuhakuéra nmbosa'iri
las tiendas parten,ñemuhakuéra nmbovoi
las tiendas parten,ñemuhakuéra nmbo'iri
las tiendas parten,ñemuhakuéra npehẽ'ãi
las tiendas parten,ñemuhakuéra npesẽ'ãi
las percepciónes abren,ñeñandukuéra nmboty'oi
las percepciónes abren,ñeñandukuéra ndpevui
las percepciónes abren,ñeñandukuéra ndpe'ai
aquellas humedades no rompen aquel edificio,umi te'õnguéra ndjokai amo óga
aquellas humedades no rompen aquel edificio,umi te'õnguéra ndjokai aipo óga
aquellas humedades no rompen aquel edificio,umi te'õnguéra ndjokai ako óga
aquellas humedades no rompen aquel edificio,umi te'õnguéra nmbo'iri amo óga
aquellas humedades no rompen aquel edificio,umi te'õnguéra nmbo'iri aipo óga
aquellas humedades no rompen aquel edificio,umi te'õnguéra nmbo'iri ako óga
aquellas humedades no rompen aquel edificio,umi te'õnguéra nmondohoi amo óga
aquellas humedades no rompen aquel edificio,umi te'õnguéra nmondohoi aipo óga
aquellas humedades no rompen aquel edificio,umi te'õnguéra nmondohoi ako óga
aquellas humedades no rompen aquel edificio,umi te'õnguéra nmondoroi amo óga
aquellas humedades no rompen aquel edificio,umi te'õnguéra nmondoroi aipo óga
aquellas humedades no rompen aquel edificio,umi te'õnguéra nmondoroi ako óga
aquellas humedades no rompen aquel edificio,umi te'õnguéra nmondosoi amo óga
aquellas humedades no rompen aquel edificio,umi te'õnguéra nmondosoi aipo óga
aquellas humedades no rompen aquel edificio,umi te'õnguéra nmondosoi ako óga
aquellas humedades no rompen aquel edificio,umi te'õnguéra nmondyryi amo óga
aquellas humedades no rompen aquel edificio,umi te'õnguéra nmondyryi aipo óga
aquellas humedades no rompen aquel edificio,umi te'õnguéra nmondyryi ako óga
aquellas humedades no rompen aquel edificio,umi te'õnguéra nmongu'iri amo óga
aquellas humedades no rompen aquel edificio,umi te'õnguéra nmongu'iri aipo óga
aquellas humedades no rompen aquel edificio,umi te'õnguéra nmongu'iri ako óga
aquellas humedades no rompen aquel edificio,umi te'õnguéra nmopẽi amo óga
aquellas humedades no rompen aquel edificio,umi te'õnguéra nmopẽi aipo óga
aquellas humedades no rompen aquel edificio,umi te'õnguéra nmopẽi ako óga
aquellas humedades no rompen aquel edificio,umi tykuekuéra ndjokai amo óga
aquellas humedades no rompen aquel edificio,umi tykuekuéra ndjokai aipo óga
aquellas humedades no rompen aquel edificio,umi tykuekuéra ndjokai ako óga
aquellas humedades no rompen aquel edificio,umi tykuekuéra nmbo'iri amo óga
aquellas humedades no rompen aquel edificio,umi tykuekuéra nmbo'iri aipo óga
aquellas humedades no rompen aquel edificio,umi tykuekuéra nmbo'iri ako óga
aquellas humedades no rompen aquel edificio,umi tykuekuéra nmondohoi amo óga
aquellas humedades no rompen aquel edificio,umi tykuekuéra nmondohoi aipo óga
aquellas humedades no rompen aquel edificio,umi tykuekuéra nmondohoi ako óga
aquellas humedades no rompen aquel edificio,umi tykuekuéra nmondoroi amo óga
aquellas humedades no rompen aquel edificio,umi tykuekuéra nmondoroi aipo óga
aquellas humedades no rompen aquel edificio,umi tykuekuéra nmondoroi ako óga
aquellas humedades no rompen aquel edificio,umi tykuekuéra nmondosoi amo óga
aquellas humedades no rompen aquel edificio,umi tykuekuéra nmondosoi aipo óga
aquellas humedades no rompen aquel edificio,umi tykuekuéra nmondosoi ako óga
aquellas humedades no rompen aquel edificio,umi tykuekuéra nmondyryi amo óga
aquellas humedades no rompen aquel edificio,umi tykuekuéra nmondyryi aipo óga
aquellas humedades no rompen aquel edificio,umi tykuekuéra nmondyryi ako óga
aquellas humedades no rompen aquel edificio,umi tykuekuéra nmongu'iri amo óga
aquellas humedades no rompen aquel edificio,umi tykuekuéra nmongu'iri aipo óga
aquellas humedades no rompen aquel edificio,umi tykuekuéra nmongu'iri ako óga
aquellas humedades no rompen aquel edificio,umi tykuekuéra nmopẽi amo óga
aquellas humedades no rompen aquel edificio,umi tykuekuéra nmopẽi aipo óga
aquellas humedades no rompen aquel edificio,umi tykuekuéra nmopẽi ako óga
aquellos báculos no conversaron a este ganso,umi pokokakuéra nmongetai ko guarimbeme
aquellos báculos no conversaron a este ganso,umi pokokakuéra nñemongetai ko guarimbeme
aquellos báculos no conversaron a este ganso,umi pokokakuéra nñomongetai ko guarimbeme
el igual no desafiará esos trozos,jave nmoñarõi umi pehẽnguéra
el igual no desafiará esos trozos,jave nmoñarõi umi pehẽnguekuéra
el igual no desafiará esos trozos,jave nmoñarõi umi vorekuéra
el igual no desafiará esos trozos,jave ndporohekai umi pehẽnguéra
el igual no desafiará esos trozos,jave ndporohekai umi pehẽnguekuéra
el igual no desafiará esos trozos,jave ndporohekai umi vorekuéra
el igual no desafiará esos trozos,jave nñe'ẽreityi umi pehẽnguéra
el igual no desafiará esos trozos,jave nñe'ẽreityi umi pehẽnguekuéra
el igual no desafiará esos trozos,jave nñe'ẽreityi umi vorekuéra
el igual no desafiará esos trozos,javegua nmoñarõi umi pehẽnguéra
el igual no desafiará esos trozos,javegua nmoñarõi umi pehẽnguekuéra
el igual no desafiará esos trozos,javegua nmoñarõi umi vorekuéra
el igual no desafiará esos trozos,javegua ndporohekai umi pehẽnguéra
el igual no desafiará esos trozos,javegua ndporohekai umi pehẽnguekuéra
el igual no desafiará esos trozos,javegua ndporohekai umi vorekuéra
el igual no desafiará esos trozos,javegua nñe'ẽreityi umi pehẽnguéra
el igual no desafiará esos trozos,javegua nñe'ẽreityi umi pehẽnguekuéra
el igual no desafiará esos trozos,javegua nñe'ẽreityi umi vorekuéra
el igual no desafiará esos trozos,javeve nmoñarõi umi pehẽnguéra
el igual no desafiará esos trozos,javeve nmoñarõi umi pehẽnguekuéra
el igual no desafiará esos trozos,javeve nmoñarõi umi vorekuéra
el igual no desafiará esos trozos,javeve ndporohekai umi pehẽnguéra
el igual no desafiará esos trozos,javeve ndporohekai umi pehẽnguekuéra
el igual no desafiará esos trozos,javeve ndporohekai umi vorekuéra
el igual no desafiará esos trozos,javeve nñe'ẽreityi umi pehẽnguéra
el igual no desafiará esos trozos,javeve nñe'ẽreityi umi pehẽnguekuéra
el igual no desafiará esos trozos,javeve nñe'ẽreityi umi vorekuéra
el igual no desafiará esos trozos,joguaha nmoñarõi umi pehẽnguéra
el igual no desafiará esos trozos,joguaha nmoñarõi umi pehẽnguekuéra
el igual no desafiará esos trozos,joguaha nmoñarõi umi vorekuéra
el igual no desafiará esos trozos,joguaha ndporohekai umi pehẽnguéra
el igual no desafiará esos trozos,joguaha ndporohekai umi pehẽnguekuéra
el igual no desafiará esos trozos,joguaha ndporohekai umi vorekuéra
el igual no desafiará esos trozos,joguaha nñe'ẽreityi umi pehẽnguéra
el igual no desafiará esos trozos,joguaha nñe'ẽreityi umi pehẽnguekuéra
el igual no desafiará esos trozos,joguaha nñe'ẽreityi umi vorekuéra
estas protectoras retomarán aquel maestro,ã mo'ãhakuéra ndrojevyi amo moaranduhára
estas protectoras retomarán aquel maestro,ã mo'ãhakuéra ndrojevyi aipo moaranduhára
estas protectoras retomarán aquel maestro,ã mo'ãhakuéra ndrojevyi ako moaranduhára
estas protectoras retomarán aquel maestro,ko'ã mo'ãhakuéra ndrojevyi amo moaranduhára
estas protectoras retomarán aquel maestro,ko'ã mo'ãhakuéra ndrojevyi aipo moaranduhára
estas protectoras retomarán aquel maestro,ko'ã mo'ãhakuéra ndrojevyi ako moaranduhára
los servidores no gozaron,pytyvõhakuéra ndroryi
los servidores no gozaron,pytyvõhakuéra ndvy'ai
los servidores no gozaron,pytyvõhárakuéra ndroryi
los servidores no gozaron,pytyvõhárakuéra ndvy'ai
los servidores no gozaron,tembiguáikuéra ndroryi
los servidores no gozaron,tembiguáikuéra ndvy'ai
los servidores no gozaron,tembijokuáikuéra ndroryi
los servidores no gozaron,tembijokuáikuéra ndvy'ai
esas entrevistas sumaron hasta ese ingreso,umi ñomongetakuéra ndpapai ku jeike peve
esas entrevistas sumaron hasta ese ingreso,umi ñomongetakuéra ndpapai upe jeike peve
esas entrevistas sumaron hasta ese ingreso,umi ñomongetakuéra ndpapai pe jeike peve
esas entrevistas sumaron hasta ese ingreso,umi juechakuéra ndpapai ku jeike peve
esas entrevistas sumaron hasta ese ingreso,umi juechakuéra ndpapai upe jeike peve
esas entrevistas sumaron hasta ese ingreso,umi juechakuéra ndpapai pe jeike peve
esas sanciones no quebrarán,umi ñembohepykuéra ndjokai
esas sanciones no quebrarán,umi ñembohepykuéra nmopẽi
esas sanciones no quebrarán,umi ñembohepykuéra ndsoitei
esas sanciones no quebrarán,umi ñembyepotikuéra ndjokai
esas sanciones no quebrarán,umi ñembyepotikuéra nmopẽi
esas sanciones no quebrarán,umi ñembyepotikuéra ndsoitei
esas sanciones no quebrarán,umi jepykuéra ndjokai
esas sanciones no quebrarán,umi jepykuéra nmopẽi
esas sanciones no quebrarán,umi jepykuéra ndsoitei
el jaguar no elimina nuestro esqueleto,jaguapara nmosẽi ñane kanguekue
el jaguar no elimina nuestro esqueleto,jaguapara nmosẽi ore kanguekue
el jaguar no elimina nuestro esqueleto,jaguapara ndpe'ai ñane kanguekue
el jaguar no elimina nuestro esqueleto,jaguapara ndpe'ai ore kanguekue
el jaguar no elimina nuestro esqueleto,jaguarete nmosẽi ñane kanguekue
el jaguar no elimina nuestro esqueleto,jaguarete nmosẽi ore kanguekue
el jaguar no elimina nuestro esqueleto,jaguarete ndpe'ai ñane kanguekue
el jaguar no elimina nuestro esqueleto,jaguarete ndpe'ai ore kanguekue
aquellas lenguas regresaban,umi kũnguéra ndjerei
aquellas lenguas regresaban,umi kũnguéra ndjevyi
aquellos paseos diferenciaron vuestra labor,umi guatakuéra nmbojoavyi pene tembiapo
aquellos paseos diferenciaron vuestra labor,umi guatakuéra nmoingoei pene tembiapo
aquellos paseos diferenciaron vuestra labor,umi guatahakuéra nmbojoavyi pene tembiapo
aquellos paseos diferenciaron vuestra labor,umi guatahakuéra nmoingoei pene tembiapo
aquellos paseos diferenciaron vuestra labor,umi jeguatakuéra nmbojoavyi pene tembiapo
aquellos paseos diferenciaron vuestra labor,umi jeguatakuéra nmoingoei pene tembiapo
la ornamentación sangraba este puente,moporãha nmbohuguyi ko vovo
la ornamentación sangraba este puente,moporãha nmbohuguyi ko yvyvovo
nuestra añoranza no duerme,ñande techaga'u ndkei
nuestra añoranza no duerme,ñande techase ndkei
nuestra añoranza no duerme,ñane anga'u ndkei
nuestra añoranza no duerme,ñane ãho ndkei
nuestra añoranza no duerme,ore anga'u ndkei
nuestra añoranza no duerme,ore ãho ndkei
nuestra añoranza no duerme,ore techaga'u ndkei
nuestra añoranza no duerme,ore techase ndkei
aquellos proyectos no embestirán esta posición,umi ñeimo'ãnguéra nndyryi ko ñemoĩ
aquellos proyectos no embestirán esta posición,umi ñeimo'ãnguéra nndyryi ko ñeĩha
aquellos proyectos no embestirán esta posición,umi ñeimo'ãnguéra ndtakyi ko ñemoĩ
aquellos proyectos no embestirán esta posición,umi ñeimo'ãnguéra ndtakyi ko ñeĩha
aquellos proyectos no embestirán esta posición,umi jejaposekuéra nndyryi ko ñemoĩ
aquellos proyectos no embestirán esta posición,umi jejaposekuéra nndyryi ko ñeĩha
aquellos proyectos no embestirán esta posición,umi jejaposekuéra ndtakyi ko ñemoĩ
aquellos proyectos no embestirán esta posición,umi jejaposekuéra ndtakyi ko ñeĩha
vuestra misión destapa ese banco,pene tembiaporã ndhoja'oi ku apyka
vuestra misión destapa ese banco,pene tembiaporã ndhoja'oi ku guapyha
vuestra misión destapa ese banco,pene tembiaporã ndhoja'oi upe apyka
vuestra misión destapa ese banco,pene tembiaporã ndhoja'oi upe guapyha
vuestra misión destapa ese banco,pene tembiaporã ndhoja'oi pe apyka
vuestra misión destapa ese banco,pene tembiaporã ndhoja'oi pe guapyha
vuestra misión destapa ese banco,pene tembiaporã ndjaho'i'oi ku apyka
vuestra misión destapa ese banco,pene tembiaporã ndjaho'i'oi ku guapyha
vuestra misión destapa ese banco,pene tembiaporã ndjaho'i'oi upe apyka
vuestra misión destapa ese banco,pene tembiaporã ndjaho'i'oi upe guapyha
vuestra misión destapa ese banco,pene tembiaporã ndjaho'i'oi pe apyka
vuestra misión destapa ese banco,pene tembiaporã ndjaho'i'oi pe guapyha
vuestra misión destapa ese banco,pene tembiaporã ndjuru'oi ku apyka
vuestra misión destapa ese banco,pene tembiaporã ndjuru'oi ku guapyha
vuestra misión destapa ese banco,pene tembiaporã ndjuru'oi upe apyka
vuestra misión destapa ese banco,pene tembiaporã ndjuru'oi upe guapyha
vuestra misión destapa ese banco,pene tembiaporã ndjuru'oi pe apyka
vuestra misión destapa ese banco,pene tembiaporã ndjuru'oi pe guapyha
vuestra misión destapa ese banco,pene tembiaporã ndpe'ai ku apyka
vuestra misión destapa ese banco,pene tembiaporã ndpe'ai ku guapyha
vuestra misión destapa ese banco,pene tembiaporã ndpe'ai upe apyka
vuestra misión destapa ese banco,pene tembiaporã ndpe'ai upe guapyha
vuestra misión destapa ese banco,pene tembiaporã ndpe'ai pe apyka
vuestra misión destapa ese banco,pene tembiaporã ndpe'ai pe guapyha
vuestra misión destapa ese banco,pene tembiaporã nñuã'oi ku apyka
vuestra misión destapa ese banco,pene tembiaporã nñuã'oi ku guapyha
vuestra misión destapa ese banco,pene tembiaporã nñuã'oi upe apyka
vuestra misión destapa ese banco,pene tembiaporã nñuã'oi upe guapyha
vuestra misión destapa ese banco,pene tembiaporã nñuã'oi pe apyka
vuestra misión destapa ese banco,pene tembiaporã nñuã'oi pe guapyha
aquellas habilidades no reflejan los matorrales,umi japokuaakuéra ndjajáiri ñanandykuéra
aquellas habilidades no reflejan los matorrales,umi japokuaakuéra ndjajáiri javoráikuéra
aquellas habilidades no reflejan los matorrales,umi karakatukuéra ndjajáiri ñanandykuéra
aquellas habilidades no reflejan los matorrales,umi karakatukuéra ndjajáiri javoráikuéra
aquellas habilidades no reflejan los matorrales,umi katupyrykuéra ndjajáiri ñanandykuéra
aquellas habilidades no reflejan los matorrales,umi katupyrykuéra ndjajáiri javoráikuéra
estas miradas no obraban,ã ma'ẽnguéra ndkakai
estas miradas no obraban,ã ma'ẽnguéra nmba'apoi
estas miradas no obraban,ã ñema'ẽnguéra ndkakai
estas miradas no obraban,ã ñema'ẽnguéra nmba'apoi
estas miradas no obraban,ko'ã ma'ẽnguéra ndkakai
estas miradas no obraban,ko'ã ma'ẽnguéra nmba'apoi
estas miradas no obraban,ko'ã ñema'ẽnguéra ndkakai
estas miradas no obraban,ko'ã ñema'ẽnguéra nmba'apoi
vuestras familias no obedecieron,pende ogaguakuéra nmboajei
vuestras familias no obedecieron,pende ogaguakuéra nñe'ẽrendui
vuestras familias no obedecieron,pende ogapeguakuéra nmboajei
vuestras familias no obedecieron,pende ogapeguakuéra nñe'ẽrendui
vuestras familias no obedecieron,pende ogapypeguakuéra nmboajei
vuestras familias no obedecieron,pende ogapypeguakuéra nñe'ẽrendui
vuestras familias no obedecieron,pene ñemoñangakuéra nmboajei
vuestras familias no obedecieron,pene ñemoñangakuéra nñe'ẽrendui
nuestros voceríos cederán,ñande sapukaijoakuéra nme'ẽi
nuestros voceríos cederán,ore sapukaijoakuéra nme'ẽi
esos edificios no pierden la ofensa,umi ógakuéra nmbyairi ko'õ
esos edificios no pierden la ofensa,umi ógakuéra nmbyairi ñeko'õi
esos edificios no pierden la ofensa,umi ógakuéra nmbyairi ñemyrõ
esos edificios no pierden la ofensa,umi ógakuéra nmbyairi ja'o
esos edificios no pierden la ofensa,umi ógakuéra nmbyairi jahéi
esos edificios no pierden la ofensa,umi ógakuéra nmokañyi ko'õ
esos edificios no pierden la ofensa,umi ógakuéra nmokañyi ñeko'õi
esos edificios no pierden la ofensa,umi ógakuéra nmokañyi ñemyrõ
esos edificios no pierden la ofensa,umi ógakuéra nmokañyi ja'o
esos edificios no pierden la ofensa,umi ógakuéra nmokañyi jahéi
esos edificios no pierden la ofensa,umi ógakuéra nrokañyi ko'õ
esos edificios no pierden la ofensa,umi ógakuéra nrokañyi ñeko'õi
esos edificios no pierden la ofensa,umi ógakuéra nrokañyi ñemyrõ
esos edificios no pierden la ofensa,umi ógakuéra nrokañyi ja'o
esos edificios no pierden la ofensa,umi ógakuéra nrokañyi jahéi
estos navíos no transformarán esta sangre,ã ygaratakuéra nmbovai ko tuguy
estos navíos no transformarán esta sangre,ã ygaratakuéra nmyengoviai ko tuguy
estos navíos no transformarán esta sangre,ko'ã ygaratakuéra nmbovai ko tuguy
estos navíos no transformarán esta sangre,ko'ã ygaratakuéra nmyengoviai ko tuguy
vuestras hormigas prepararán,pende tahýikuéra nmbosako'iri
vuestras hormigas prepararán,pende tahýikuéra ndsako'iri
vuestro descubridor no confiará,pende juhuha ndjeroviai
vuestro descubridor no confiará,pende juhuha ndroviai
aquellas comidas no proveen nuestros cuellos a estos arreglos,umi mba'e'upykuéra nme'ẽi ñande ajúrakuéra ã myatyrõnguérame
aquellas comidas no proveen nuestros cuellos a estos arreglos,umi mba'e'upykuéra nme'ẽi ñande ajúrakuéra ko'ã myatyrõnguérame
aquellas comidas no proveen nuestros cuellos a estos arreglos,umi mba'e'upykuéra nme'ẽi ore ajúrakuéra ã myatyrõnguérame
aquellas comidas no proveen nuestros cuellos a estos arreglos,umi mba'e'upykuéra nme'ẽi ore ajúrakuéra ko'ã myatyrõnguérame
aquellas comidas no proveen nuestros cuellos a estos arreglos,umi rembi'ukuéra nme'ẽi ñande ajúrakuéra ã myatyrõnguérame
aquellas comidas no proveen nuestros cuellos a estos arreglos,umi rembi'ukuéra nme'ẽi ñande ajúrakuéra ko'ã myatyrõnguérame
aquellas comidas no proveen nuestros cuellos a estos arreglos,umi rembi'ukuéra nme'ẽi ore ajúrakuéra ã myatyrõnguérame
aquellas comidas no proveen nuestros cuellos a estos arreglos,umi rembi'ukuéra nme'ẽi ore ajúrakuéra ko'ã myatyrõnguérame
aquellas comidas no proveen nuestros cuellos a estos arreglos,umi tembi'ukuéra nme'ẽi ñande ajúrakuéra ã myatyrõnguérame
aquellas comidas no proveen nuestros cuellos a estos arreglos,umi tembi'ukuéra nme'ẽi ñande ajúrakuéra ko'ã myatyrõnguérame
aquellas comidas no proveen nuestros cuellos a estos arreglos,umi tembi'ukuéra nme'ẽi ore ajúrakuéra ã myatyrõnguérame
aquellas comidas no proveen nuestros cuellos a estos arreglos,umi tembi'ukuéra nme'ẽi ore ajúrakuéra ko'ã myatyrõnguérame
aquellas comidas no proveen nuestros cuellos a estos arreglos,umi upyrãnguéra nme'ẽi ñande ajúrakuéra ã myatyrõnguérame
aquellas comidas no proveen nuestros cuellos a estos arreglos,umi upyrãnguéra nme'ẽi ñande ajúrakuéra ko'ã myatyrõnguérame
aquellas comidas no proveen nuestros cuellos a estos arreglos,umi upyrãnguéra nme'ẽi ore ajúrakuéra ã myatyrõnguérame
aquellas comidas no proveen nuestros cuellos a estos arreglos,umi upyrãnguéra nme'ẽi ore ajúrakuéra ko'ã myatyrõnguérame
aquellas comidas no proveen nuestros cuellos a estos arreglos,umi hi'upykuéra nme'ẽi ñande ajúrakuéra ã myatyrõnguérame
aquellas comidas no proveen nuestros cuellos a estos arreglos,umi hi'upykuéra nme'ẽi ñande ajúrakuéra ko'ã myatyrõnguérame
aquellas comidas no proveen nuestros cuellos a estos arreglos,umi hi'upykuéra nme'ẽi ore ajúrakuéra ã myatyrõnguérame
aquellas comidas no proveen nuestros cuellos a estos arreglos,umi hi'upykuéra nme'ẽi ore ajúrakuéra ko'ã myatyrõnguérame
aquellas comidas no proveen nuestros cuellos a estos arreglos,umi karukuéra nme'ẽi ñande ajúrakuéra ã myatyrõnguérame
aquellas comidas no proveen nuestros cuellos a estos arreglos,umi karukuéra nme'ẽi ñande ajúrakuéra ko'ã myatyrõnguérame
aquellas comidas no proveen nuestros cuellos a estos arreglos,umi karukuéra nme'ẽi ore ajúrakuéra ã myatyrõnguérame
aquellas comidas no proveen nuestros cuellos a estos arreglos,umi karukuéra nme'ẽi ore ajúrakuéra ko'ã myatyrõnguérame
aquellas comidas no proveen nuestros cuellos a estos arreglos,umi upykuéra nme'ẽi ñande ajúrakuéra ã myatyrõnguérame
aquellas comidas no proveen nuestros cuellos a estos arreglos,umi upykuéra nme'ẽi ñande ajúrakuéra ko'ã myatyrõnguérame
aquellas comidas no proveen nuestros cuellos a estos arreglos,umi upykuéra nme'ẽi ore ajúrakuéra ã myatyrõnguérame
aquellas comidas no proveen nuestros cuellos a estos arreglos,umi upykuéra nme'ẽi ore ajúrakuéra ko'ã myatyrõnguérame
aquellos vinos no prosperan,umi kaguykuéra npu'ãi
aquellos vinos no prosperan,umi kaguykuéra ndyvytui
aquellos vinos no prosperan,umi kaguykuéra nñakãrapu'ãi
nuestra brasa no triunfa,ñane tatapỹi ndpu'akavei
nuestra brasa no triunfa,ñane tatapỹi npyrũi
nuestra brasa no triunfa,ñane tatapỹi ndyvytui
nuestra brasa no triunfa,ore tatapỹi ndpu'akavei
nuestra brasa no triunfa,ore tatapỹi npyrũi
nuestra brasa no triunfa,ore tatapỹi ndyvytui
vuestra imaginación no establecerá,pene temimo'ã nmohendai
nuestra salida no enseña aquella modestia,ñane sẽ ndkuaaukai amo jejapo'ỹ
nuestra salida no enseña aquella modestia,ñane sẽ ndkuaaukai amo jerovu'ỹ
nuestra salida no enseña aquella modestia,ñane sẽ ndkuaaukai aipo jejapo'ỹ
nuestra salida no enseña aquella modestia,ñane sẽ ndkuaaukai aipo jerovu'ỹ
nuestra salida no enseña aquella modestia,ñane sẽ ndkuaaukai ako jejapo'ỹ
nuestra salida no enseña aquella modestia,ñane sẽ ndkuaaukai ako jerovu'ỹ
nuestra salida no enseña aquella modestia,ñane sẽ nmbo'ei amo jejapo'ỹ
nuestra salida no enseña aquella modestia,ñane sẽ nmbo'ei amo jerovu'ỹ
nuestra salida no enseña aquella modestia,ñane sẽ nmbo'ei aipo jejapo'ỹ
nuestra salida no enseña aquella modestia,ñane sẽ nmbo'ei aipo jerovu'ỹ
nuestra salida no enseña aquella modestia,ñane sẽ nmbo'ei ako jejapo'ỹ
nuestra salida no enseña aquella modestia,ñane sẽ nmbo'ei ako jerovu'ỹ
nuestra salida no enseña aquella modestia,ñane sẽ nmoarandui amo jejapo'ỹ
nuestra salida no enseña aquella modestia,ñane sẽ nmoarandui amo jerovu'ỹ
nuestra salida no enseña aquella modestia,ñane sẽ nmoarandui aipo jejapo'ỹ
nuestra salida no enseña aquella modestia,ñane sẽ nmoarandui aipo jerovu'ỹ
nuestra salida no enseña aquella modestia,ñane sẽ nmoarandui ako jejapo'ỹ
nuestra salida no enseña aquella modestia,ñane sẽ nmoarandui ako jerovu'ỹ
nuestra salida no enseña aquella modestia,ñane sẽ ndtavy'oi amo jejapo'ỹ
nuestra salida no enseña aquella modestia,ñane sẽ ndtavy'oi amo jerovu'ỹ
nuestra salida no enseña aquella modestia,ñane sẽ ndtavy'oi aipo jejapo'ỹ
nuestra salida no enseña aquella modestia,ñane sẽ ndtavy'oi aipo jerovu'ỹ
nuestra salida no enseña aquella modestia,ñane sẽ ndtavy'oi ako jejapo'ỹ
nuestra salida no enseña aquella modestia,ñane sẽ ndtavy'oi ako jerovu'ỹ
nuestra salida no enseña aquella modestia,ñane ñesẽ ndkuaaukai amo jejapo'ỹ
nuestra salida no enseña aquella modestia,ñane ñesẽ ndkuaaukai amo jerovu'ỹ
nuestra salida no enseña aquella modestia,ñane ñesẽ ndkuaaukai aipo jejapo'ỹ
nuestra salida no enseña aquella modestia,ñane ñesẽ ndkuaaukai aipo jerovu'ỹ
nuestra salida no enseña aquella modestia,ñane ñesẽ ndkuaaukai ako jejapo'ỹ
nuestra salida no enseña aquella modestia,ñane ñesẽ ndkuaaukai ako jerovu'ỹ
nuestra salida no enseña aquella modestia,ñane ñesẽ nmbo'ei amo jejapo'ỹ
nuestra salida no enseña aquella modestia,ñane ñesẽ nmbo'ei amo jerovu'ỹ
nuestra salida no enseña aquella modestia,ñane ñesẽ nmbo'ei aipo jejapo'ỹ
nuestra salida no enseña aquella modestia,ñane ñesẽ nmbo'ei aipo jerovu'ỹ
nuestra salida no enseña aquella modestia,ñane ñesẽ nmbo'ei ako jejapo'ỹ
nuestra salida no enseña aquella modestia,ñane ñesẽ nmbo'ei ako jerovu'ỹ
nuestra salida no enseña aquella modestia,ñane ñesẽ nmoarandui amo jejapo'ỹ
nuestra salida no enseña aquella modestia,ñane ñesẽ nmoarandui amo jerovu'ỹ
nuestra salida no enseña aquella modestia,ñane ñesẽ nmoarandui aipo jejapo'ỹ
nuestra salida no enseña aquella modestia,ñane ñesẽ nmoarandui aipo jerovu'ỹ
nuestra salida no enseña aquella modestia,ñane ñesẽ nmoarandui ako jejapo'ỹ
nuestra salida no enseña aquella modestia,ñane ñesẽ nmoarandui ako jerovu'ỹ
nuestra salida no enseña aquella modestia,ñane ñesẽ ndtavy'oi amo jejapo'ỹ
nuestra salida no enseña aquella modestia,ñane ñesẽ ndtavy'oi amo jerovu'ỹ
nuestra salida no enseña aquella modestia,ñane ñesẽ ndtavy'oi aipo jejapo'ỹ
nuestra salida no enseña aquella modestia,ñane ñesẽ ndtavy'oi aipo jerovu'ỹ
nuestra salida no enseña aquella modestia,ñane ñesẽ ndtavy'oi ako jejapo'ỹ
nuestra salida no enseña aquella modestia,ñane ñesẽ ndtavy'oi ako jerovu'ỹ
nuestra salida no enseña aquella modestia,ore sẽ ndkuaaukai amo jejapo'ỹ
nuestra salida no enseña aquella modestia,ore sẽ ndkuaaukai amo jerovu'ỹ
nuestra salida no enseña aquella modestia,ore sẽ ndkuaaukai aipo jejapo'ỹ
nuestra salida no enseña aquella modestia,ore sẽ ndkuaaukai aipo jerovu'ỹ
nuestra salida no enseña aquella modestia,ore sẽ ndkuaaukai ako jejapo'ỹ
nuestra salida no enseña aquella modestia,ore sẽ ndkuaaukai ako jerovu'ỹ
nuestra salida no enseña aquella modestia,ore sẽ nmbo'ei amo jejapo'ỹ
nuestra salida no enseña aquella modestia,ore sẽ nmbo'ei amo jerovu'ỹ
nuestra salida no enseña aquella modestia,ore sẽ nmbo'ei aipo jejapo'ỹ
nuestra salida no enseña aquella modestia,ore sẽ nmbo'ei aipo jerovu'ỹ
nuestra salida no enseña aquella modestia,ore sẽ nmbo'ei ako jejapo'ỹ
nuestra salida no enseña aquella modestia,ore sẽ nmbo'ei ako jerovu'ỹ
nuestra salida no enseña aquella modestia,ore sẽ nmoarandui amo jejapo'ỹ
nuestra salida no enseña aquella modestia,ore sẽ nmoarandui amo jerovu'ỹ
nuestra salida no enseña aquella modestia,ore sẽ nmoarandui aipo jejapo'ỹ
nuestra salida no enseña aquella modestia,ore sẽ nmoarandui aipo jerovu'ỹ
nuestra salida no enseña aquella modestia,ore sẽ nmoarandui ako jejapo'ỹ
nuestra salida no enseña aquella modestia,ore sẽ nmoarandui ako jerovu'ỹ
nuestra salida no enseña aquella modestia,ore sẽ ndtavy'oi amo jejapo'ỹ
nuestra salida no enseña aquella modestia,ore sẽ ndtavy'oi amo jerovu'ỹ
nuestra salida no enseña aquella modestia,ore sẽ ndtavy'oi aipo jejapo'ỹ
nuestra salida no enseña aquella modestia,ore sẽ ndtavy'oi aipo jerovu'ỹ
nuestra salida no enseña aquella modestia,ore sẽ ndtavy'oi ako jejapo'ỹ
nuestra salida no enseña aquella modestia,ore sẽ ndtavy'oi ako jerovu'ỹ
nuestra salida no enseña aquella modestia,ore ñesẽ ndkuaaukai amo jejapo'ỹ
nuestra salida no enseña aquella modestia,ore ñesẽ ndkuaaukai amo jerovu'ỹ
nuestra salida no enseña aquella modestia,ore ñesẽ ndkuaaukai aipo jejapo'ỹ
nuestra salida no enseña aquella modestia,ore ñesẽ ndkuaaukai aipo jerovu'ỹ
nuestra salida no enseña aquella modestia,ore ñesẽ ndkuaaukai ako jejapo'ỹ
nuestra salida no enseña aquella modestia,ore ñesẽ ndkuaaukai ako jerovu'ỹ
nuestra salida no enseña aquella modestia,ore ñesẽ nmbo'ei amo jejapo'ỹ
nuestra salida no enseña aquella modestia,ore ñesẽ nmbo'ei amo jerovu'ỹ
nuestra salida no enseña aquella modestia,ore ñesẽ nmbo'ei aipo jejapo'ỹ
nuestra salida no enseña aquella modestia,ore ñesẽ nmbo'ei aipo jerovu'ỹ
nuestra salida no enseña aquella modestia,ore ñesẽ nmbo'ei ako jejapo'ỹ
nuestra salida no enseña aquella modestia,ore ñesẽ nmbo'ei ako jerovu'ỹ
nuestra salida no enseña aquella modestia,ore ñesẽ nmoarandui amo jejapo'ỹ
nuestra salida no enseña aquella modestia,ore ñesẽ nmoarandui amo jerovu'ỹ
nuestra salida no enseña aquella modestia,ore ñesẽ nmoarandui aipo jejapo'ỹ
nuestra salida no enseña aquella modestia,ore ñesẽ nmoarandui aipo jerovu'ỹ
nuestra salida no enseña aquella modestia,ore ñesẽ nmoarandui ako jejapo'ỹ
nuestra salida no enseña aquella modestia,ore ñesẽ nmoarandui ako jerovu'ỹ
nuestra salida no enseña aquella modestia,ore ñesẽ ndtavy'oi amo jejapo'ỹ
nuestra salida no enseña aquella modestia,ore ñesẽ ndtavy'oi amo jerovu'ỹ
nuestra salida no enseña aquella modestia,ore ñesẽ ndtavy'oi aipo jejapo'ỹ
nuestra salida no enseña aquella modestia,ore ñesẽ ndtavy'oi aipo jerovu'ỹ
nuestra salida no enseña aquella modestia,ore ñesẽ ndtavy'oi ako jejapo'ỹ
nuestra salida no enseña aquella modestia,ore ñesẽ ndtavy'oi ako jerovu'ỹ
nuestro saber recalcará nuestras dichas,ñande pokuaa ndjetu'ui ñande po'akuéra
nuestro saber recalcará nuestras dichas,ñande pokuaa ndjetu'ui ñande py'arorykuéra
nuestro saber recalcará nuestras dichas,ñande pokuaa ndjetu'ui ñande torykuéra
nuestro saber recalcará nuestras dichas,ñande pokuaa ndjetu'ui ñande vy'akuéra
nuestro saber recalcará nuestras dichas,ñande pokuaa ndjetu'ui ore po'akuéra
nuestro saber recalcará nuestras dichas,ñande pokuaa ndjetu'ui ore py'arorykuéra
nuestro saber recalcará nuestras dichas,ñande pokuaa ndjetu'ui ore torykuéra
nuestro saber recalcará nuestras dichas,ñande pokuaa ndjetu'ui ore vy'akuéra
nuestro saber recalcará nuestras dichas,ore pokuaa ndjetu'ui ñande po'akuéra
nuestro saber recalcará nuestras dichas,ore pokuaa ndjetu'ui ñande py'arorykuéra
nuestro saber recalcará nuestras dichas,ore pokuaa ndjetu'ui ñande torykuéra
nuestro saber recalcará nuestras dichas,ore pokuaa ndjetu'ui ñande vy'akuéra
nuestro saber recalcará nuestras dichas,ore pokuaa ndjetu'ui ore po'akuéra
nuestro saber recalcará nuestras dichas,ore pokuaa ndjetu'ui ore py'arorykuéra
nuestro saber recalcará nuestras dichas,ore pokuaa ndjetu'ui ore torykuéra
nuestro saber recalcará nuestras dichas,ore pokuaa ndjetu'ui ore vy'akuéra
aquella toma no mejorará nuestro fracasado,amo ñemokõ nmbohekoporãi ñande javyhára
aquella toma no mejorará nuestro fracasado,amo ñemokõ nmbohekoporãi ore javyhára
aquella toma no mejorará nuestro fracasado,amo ñemokõ nmoporãvei ñande javyhára
aquella toma no mejorará nuestro fracasado,amo ñemokõ nmoporãvei ore javyhára
aquella toma no mejorará nuestro fracasado,amo ñemokõ npu'ãi ñande javyhára
aquella toma no mejorará nuestro fracasado,amo ñemokõ npu'ãi ore javyhára
aquella toma no mejorará nuestro fracasado,amo jepyhy nmbohekoporãi ñande javyhára
aquella toma no mejorará nuestro fracasado,amo jepyhy nmbohekoporãi ore javyhára
aquella toma no mejorará nuestro fracasado,amo jepyhy nmoporãvei ñande javyhára
aquella toma no mejorará nuestro fracasado,amo jepyhy nmoporãvei ore javyhára
aquella toma no mejorará nuestro fracasado,amo jepyhy npu'ãi ñande javyhára
aquella toma no mejorará nuestro fracasado,amo jepyhy npu'ãi ore javyhára
aquella toma no mejorará nuestro fracasado,aipo ñemokõ nmbohekoporãi ñande javyhára
aquella toma no mejorará nuestro fracasado,aipo ñemokõ nmbohekoporãi ore javyhára
aquella toma no mejorará nuestro fracasado,aipo ñemokõ nmoporãvei ñande javyhára
aquella toma no mejorará nuestro fracasado,aipo ñemokõ nmoporãvei ore javyhára
aquella toma no mejorará nuestro fracasado,aipo ñemokõ npu'ãi ñande javyhára
aquella toma no mejorará nuestro fracasado,aipo ñemokõ npu'ãi ore javyhára
aquella toma no mejorará nuestro fracasado,aipo jepyhy nmbohekoporãi ñande javyhára
aquella toma no mejorará nuestro fracasado,aipo jepyhy nmbohekoporãi ore javyhára
aquella toma no mejorará nuestro fracasado,aipo jepyhy nmoporãvei ñande javyhára
aquella toma no mejorará nuestro fracasado,aipo jepyhy nmoporãvei ore javyhára
aquella toma no mejorará nuestro fracasado,aipo jepyhy npu'ãi ñande javyhára
aquella toma no mejorará nuestro fracasado,aipo jepyhy npu'ãi ore javyhára
aquella toma no mejorará nuestro fracasado,ako ñemokõ nmbohekoporãi ñande javyhára
aquella toma no mejorará nuestro fracasado,ako ñemokõ nmbohekoporãi ore javyhára
aquella toma no mejorará nuestro fracasado,ako ñemokõ nmoporãvei ñande javyhára
aquella toma no mejorará nuestro fracasado,ako ñemokõ nmoporãvei ore javyhára
aquella toma no mejorará nuestro fracasado,ako ñemokõ npu'ãi ñande javyhára
aquella toma no mejorará nuestro fracasado,ako ñemokõ npu'ãi ore javyhára
aquella toma no mejorará nuestro fracasado,ako jepyhy nmbohekoporãi ñande javyhára
aquella toma no mejorará nuestro fracasado,ako jepyhy nmbohekoporãi ore javyhára
aquella toma no mejorará nuestro fracasado,ako jepyhy nmoporãvei ñande javyhára
aquella toma no mejorará nuestro fracasado,ako jepyhy nmoporãvei ore javyhára
aquella toma no mejorará nuestro fracasado,ako jepyhy npu'ãi ñande javyhára
aquella toma no mejorará nuestro fracasado,ako jepyhy npu'ãi ore javyhára
vuestro cabo significará,pende apy nd‘esei
vuestro cabo significará,pende apýra nd‘esei
vuestro cabo significará,pende yvyakua nd‘esei
aquellas verdades desnudaban su reserva,umi añetekuéra nmbo'opívoi h_# ñongatupy
aquellas verdades desnudaban su reserva,umi añetekuéra nmbo'opívoi ijñongatupy
aquellas verdades desnudaban su reserva,umi añetekuéra nmbo'opívoi iññongatupy
aquellas verdades desnudaban su reserva,umi añetekuéra nmbo'opívoi iñongatupy
aquellas verdades desnudaban su reserva,umi añetekuéra nmbo'opívoi hi'ñongatupy
aquellas verdades desnudaban su reserva,umi añetekuéra nmbóiri h_# ñongatupy
aquellas verdades desnudaban su reserva,umi añetekuéra nmbóiri ijñongatupy
aquellas verdades desnudaban su reserva,umi añetekuéra nmbóiri iññongatupy
aquellas verdades desnudaban su reserva,umi añetekuéra nmbóiri iñongatupy
aquellas verdades desnudaban su reserva,umi añetekuéra nmbóiri hi'ñongatupy
aquellas verdades desnudaban su reserva,umi añeteguakuéra nmbo'opívoi h_# ñongatupy
aquellas verdades desnudaban su reserva,umi añeteguakuéra nmbo'opívoi ijñongatupy
aquellas verdades desnudaban su reserva,umi añeteguakuéra nmbo'opívoi iññongatupy
aquellas verdades desnudaban su reserva,umi añeteguakuéra nmbo'opívoi iñongatupy
aquellas verdades desnudaban su reserva,umi añeteguakuéra nmbo'opívoi hi'ñongatupy
aquellas verdades desnudaban su reserva,umi añeteguakuéra nmbóiri h_# ñongatupy
aquellas verdades desnudaban su reserva,umi añeteguakuéra nmbóiri ijñongatupy
aquellas verdades desnudaban su reserva,umi añeteguakuéra nmbóiri iññongatupy
aquellas verdades desnudaban su reserva,umi añeteguakuéra nmbóiri iñongatupy
aquellas verdades desnudaban su reserva,umi añeteguakuéra nmbóiri hi'ñongatupy
tu confidente no despegó,nde jeroviaha ndjupiri
tu confidente no despegó,nde jeroviaha npu'ãi
tu confidente no despegó,nde jeroviaha ndyvyrejai
vuestra invitación no preguntó vuestras oraciones,pende pepiru nporandui pene ñembo'ekuéra
vuestra invitación no preguntó vuestras oraciones,pene tenói nporandui pene ñembo'ekuéra
vuestra invitación no preguntó vuestras oraciones,pene ñekuave'ẽ nporandui pene ñembo'ekuéra
vuestras leyes no trasladarán,pene tembiapoukapykuéra nmbovai
vuestras leyes no trasladarán,pene tembiapoukapykuéra ndrojai
vuestras leyes no trasladarán,pene tembiapoukapykuéra ndrovai
las rodajas no acertaron,vorekuéra ndapiri
las rodajas no acertaron,vorekuéra ndjapiri
ese hartazgo naufragaba,ku tenyhẽ nñapymiri
ese hartazgo naufragaba,upe tenyhẽ nñapymiri
ese hartazgo naufragaba,pe tenyhẽ nñapymiri
estos cuidados abrazaron,ã angarekokuéra nañuãi
estos cuidados abrazaron,ã angarekokuéra nñañuvãi
estos cuidados abrazaron,ã angarekokuéra nñuvãi
estos cuidados abrazaron,ã angatakuéra nañuãi
estos cuidados abrazaron,ã angatakuéra nñañuvãi
estos cuidados abrazaron,ã angatakuéra nñuvãi
estos cuidados abrazaron,ã ñangarekokuéra nañuãi
estos cuidados abrazaron,ã ñangarekokuéra nñañuvãi
estos cuidados abrazaron,ã ñangarekokuéra nñuvãi
estos cuidados abrazaron,ã poguykuéra nañuãi
estos cuidados abrazaron,ã poguykuéra nñañuvãi
estos cuidados abrazaron,ã poguykuéra nñuvãi
estos cuidados abrazaron,ko'ã angarekokuéra nañuãi
estos cuidados abrazaron,ko'ã angarekokuéra nñañuvãi
estos cuidados abrazaron,ko'ã angarekokuéra nñuvãi
estos cuidados abrazaron,ko'ã angatakuéra nañuãi
estos cuidados abrazaron,ko'ã angatakuéra nñañuvãi
estos cuidados abrazaron,ko'ã angatakuéra nñuvãi
estos cuidados abrazaron,ko'ã ñangarekokuéra nañuãi
estos cuidados abrazaron,ko'ã ñangarekokuéra nñañuvãi
estos cuidados abrazaron,ko'ã ñangarekokuéra nñuvãi
estos cuidados abrazaron,ko'ã poguykuéra nañuãi
estos cuidados abrazaron,ko'ã poguykuéra nñañuvãi
estos cuidados abrazaron,ko'ã poguykuéra nñuvãi
nuestros maizales no lanzaban,ñande avatitykuéra ndityi
nuestros maizales no lanzaban,ñande avatitykuéra ndpoiri
nuestros maizales no lanzaban,ore avatitykuéra ndityi
nuestros maizales no lanzaban,ore avatitykuéra ndpoiri
los sepultureros alzaron,poroñotỹhakuéra nmopu'ãi
aquel perfil no reinó,amo yke ndporokuáiri
aquel perfil no reinó,amo yke nporosãmbyhyi
aquel perfil no reinó,aipo yke ndporokuáiri
aquel perfil no reinó,aipo yke nporosãmbyhyi
aquel perfil no reinó,ako yke ndporokuáiri
aquel perfil no reinó,ako yke nporosãmbyhyi
vuestros herederos lamentaban,pene jararãnguéra nmbyasyi
vuestros herederos lamentaban,pene jararãnguéra nrohasẽi
vuestros herederos lamentaban,pene jararãnguéra ndrojahe'oi
vuestros herederos lamentaban,pene jararãnguéra nrombyasyi
vuestros cuartos no tiraban,pende kotykuéra nha'ãi
vuestros cuartos no tiraban,pende kotykuéra ndityi
vuestros cuartos no tiraban,pende kotykuéra ndkapui
vuestros cuartos no tiraban,pende kotykuéra nmomboi
la resolución no toma,tembiapoukapy ndjapyhyi
la resolución no toma,tembiapoukapy ndjavo'oi
la resolución no toma,tembiapoukapy nkuãchaĩri
la resolución no toma,tembiapoukapy ndpo'oi
la resolución no toma,tembiapoukapy ndpyhyi
vuestra acción no abrió,pene tembiapo nmboty'oi
vuestra acción no abrió,pene tembiapo ndpevui
vuestra acción no abrió,pene tembiapo ndpe'ai
aquellas listas encajarán,umi tysýikuéra nkuapytĩri
nuestras profesiones no comunican nuestras chacras,ñande apohakuéra ndkuaaukai ñande kapuérakuéra
nuestras profesiones no comunican nuestras chacras,ñande apohakuéra ndkuaaukai ñande kokuekuéra
nuestras profesiones no comunican nuestras chacras,ñande apohakuéra ndkuaaukai ñande kógakuéra
nuestras profesiones no comunican nuestras chacras,ñande apohakuéra ndkuaaukai ñane temitỹndykuéra
nuestras profesiones no comunican nuestras chacras,ñande apohakuéra ndkuaaukai ore temitỹndykuéra
nuestras profesiones no comunican nuestras chacras,ñande apohakuéra ndkuaaukai ore kapuérakuéra
nuestras profesiones no comunican nuestras chacras,ñande apohakuéra ndkuaaukai ore kokuekuéra
nuestras profesiones no comunican nuestras chacras,ñande apohakuéra ndkuaaukai ore kógakuéra
nuestras profesiones no comunican nuestras chacras,ñande apohakuéra nmomarandui ñande kapuérakuéra
nuestras profesiones no comunican nuestras chacras,ñande apohakuéra nmomarandui ñande kokuekuéra
nuestras profesiones no comunican nuestras chacras,ñande apohakuéra nmomarandui ñande kógakuéra
nuestras profesiones no comunican nuestras chacras,ñande apohakuéra nmomarandui ñane temitỹndykuéra
nuestras profesiones no comunican nuestras chacras,ñande apohakuéra nmomarandui ore temitỹndykuéra
nuestras profesiones no comunican nuestras chacras,ñande apohakuéra nmomarandui ore kapuérakuéra
nuestras profesiones no comunican nuestras chacras,ñande apohakuéra nmomarandui ore kokuekuéra
nuestras profesiones no comunican nuestras chacras,ñande apohakuéra nmomarandui ore kógakuéra
nuestras profesiones no comunican nuestras chacras,ñane tembiapokuaakuéra ndkuaaukai ñande kapuérakuéra
nuestras profesiones no comunican nuestras chacras,ñane tembiapokuaakuéra ndkuaaukai ñande kokuekuéra
nuestras profesiones no comunican nuestras chacras,ñane tembiapokuaakuéra ndkuaaukai ñande kógakuéra
nuestras profesiones no comunican nuestras chacras,ñane tembiapokuaakuéra ndkuaaukai ñane temitỹndykuéra
nuestras profesiones no comunican nuestras chacras,ñane tembiapokuaakuéra ndkuaaukai ore temitỹndykuéra
nuestras profesiones no comunican nuestras chacras,ñane tembiapokuaakuéra ndkuaaukai ore kapuérakuéra
nuestras profesiones no comunican nuestras chacras,ñane tembiapokuaakuéra ndkuaaukai ore kokuekuéra
nuestras profesiones no comunican nuestras chacras,ñane tembiapokuaakuéra ndkuaaukai ore kógakuéra
nuestras profesiones no comunican nuestras chacras,ñane tembiapokuaakuéra nmomarandui ñande kapuérakuéra
nuestras profesiones no comunican nuestras chacras,ñane tembiapokuaakuéra nmomarandui ñande kokuekuéra
nuestras profesiones no comunican nuestras chacras,ñane tembiapokuaakuéra nmomarandui ñande kógakuéra
nuestras profesiones no comunican nuestras chacras,ñane tembiapokuaakuéra nmomarandui ñane temitỹndykuéra
nuestras profesiones no comunican nuestras chacras,ñane tembiapokuaakuéra nmomarandui ore temitỹndykuéra
nuestras profesiones no comunican nuestras chacras,ñane tembiapokuaakuéra nmomarandui ore kapuérakuéra
nuestras profesiones no comunican nuestras chacras,ñane tembiapokuaakuéra nmomarandui ore kokuekuéra
nuestras profesiones no comunican nuestras chacras,ñane tembiapokuaakuéra nmomarandui ore kógakuéra
nuestras profesiones no comunican nuestras chacras,ore tembiapokuaakuéra ndkuaaukai ñande kapuérakuéra
nuestras profesiones no comunican nuestras chacras,ore tembiapokuaakuéra ndkuaaukai ñande kokuekuéra
nuestras profesiones no comunican nuestras chacras,ore tembiapokuaakuéra ndkuaaukai ñande kógakuéra
nuestras profesiones no comunican nuestras chacras,ore tembiapokuaakuéra ndkuaaukai ñane temitỹndykuéra
nuestras profesiones no comunican nuestras chacras,ore tembiapokuaakuéra ndkuaaukai ore temitỹndykuéra
nuestras profesiones no comunican nuestras chacras,ore tembiapokuaakuéra ndkuaaukai ore kapuérakuéra
nuestras profesiones no comunican nuestras chacras,ore tembiapokuaakuéra ndkuaaukai ore kokuekuéra
nuestras profesiones no comunican nuestras chacras,ore tembiapokuaakuéra ndkuaaukai ore kógakuéra
nuestras profesiones no comunican nuestras chacras,ore tembiapokuaakuéra nmomarandui ñande kapuérakuéra
nuestras profesiones no comunican nuestras chacras,ore tembiapokuaakuéra nmomarandui ñande kokuekuéra
nuestras profesiones no comunican nuestras chacras,ore tembiapokuaakuéra nmomarandui ñande kógakuéra
nuestras profesiones no comunican nuestras chacras,ore tembiapokuaakuéra nmomarandui ñane temitỹndykuéra
nuestras profesiones no comunican nuestras chacras,ore tembiapokuaakuéra nmomarandui ore temitỹndykuéra
nuestras profesiones no comunican nuestras chacras,ore tembiapokuaakuéra nmomarandui ore kapuérakuéra
nuestras profesiones no comunican nuestras chacras,ore tembiapokuaakuéra nmomarandui ore kokuekuéra
nuestras profesiones no comunican nuestras chacras,ore tembiapokuaakuéra nmomarandui ore kógakuéra
nuestras profesiones no comunican nuestras chacras,ore apohakuéra ndkuaaukai ñande kapuérakuéra
nuestras profesiones no comunican nuestras chacras,ore apohakuéra ndkuaaukai ñande kokuekuéra
nuestras profesiones no comunican nuestras chacras,ore apohakuéra ndkuaaukai ñande kógakuéra
nuestras profesiones no comunican nuestras chacras,ore apohakuéra ndkuaaukai ñane temitỹndykuéra
nuestras profesiones no comunican nuestras chacras,ore apohakuéra ndkuaaukai ore temitỹndykuéra
nuestras profesiones no comunican nuestras chacras,ore apohakuéra ndkuaaukai ore kapuérakuéra
nuestras profesiones no comunican nuestras chacras,ore apohakuéra ndkuaaukai ore kokuekuéra
nuestras profesiones no comunican nuestras chacras,ore apohakuéra ndkuaaukai ore kógakuéra
nuestras profesiones no comunican nuestras chacras,ore apohakuéra nmomarandui ñande kapuérakuéra
nuestras profesiones no comunican nuestras chacras,ore apohakuéra nmomarandui ñande kokuekuéra
nuestras profesiones no comunican nuestras chacras,ore apohakuéra nmomarandui ñande kógakuéra
nuestras profesiones no comunican nuestras chacras,ore apohakuéra nmomarandui ñane temitỹndykuéra
nuestras profesiones no comunican nuestras chacras,ore apohakuéra nmomarandui ore temitỹndykuéra
nuestras profesiones no comunican nuestras chacras,ore apohakuéra nmomarandui ore kapuérakuéra
nuestras profesiones no comunican nuestras chacras,ore apohakuéra nmomarandui ore kokuekuéra
nuestras profesiones no comunican nuestras chacras,ore apohakuéra nmomarandui ore kógakuéra
vuestro embuste une aquel vecindario,pende japu ndjoapyi amo amandaje
vuestro embuste une aquel vecindario,pende japu ndjoapyi aipo amandaje
vuestro embuste une aquel vecindario,pende japu ndjoapyi ako amandaje
vuestro embuste une aquel vecindario,pende japu ndjuajui amo amandaje
vuestro embuste une aquel vecindario,pende japu ndjuajui aipo amandaje
vuestro embuste une aquel vecindario,pende japu ndjuajui ako amandaje
vuestro embuste une aquel vecindario,pende japu nmbojoajui amo amandaje
vuestro embuste une aquel vecindario,pende japu nmbojoajui aipo amandaje
vuestro embuste une aquel vecindario,pende japu nmbojoajui ako amandaje
vuestro embuste une aquel vecindario,pende japu nmbojojai amo amandaje
vuestro embuste une aquel vecindario,pende japu nmbojojai aipo amandaje
vuestro embuste une aquel vecindario,pende japu nmbojojai ako amandaje
vuestro embuste une aquel vecindario,pende japu nmbojuajui amo amandaje
vuestro embuste une aquel vecindario,pende japu nmbojuajui aipo amandaje
vuestro embuste une aquel vecindario,pende japu nmbojuajui ako amandaje
vuestro embuste une aquel vecindario,pende japu nmbojuapyi amo amandaje
vuestro embuste une aquel vecindario,pende japu nmbojuapyi aipo amandaje
vuestro embuste une aquel vecindario,pende japu nmbojuapyi ako amandaje
vuestro embuste une aquel vecindario,pende japu nñopẽi amo amandaje
vuestro embuste une aquel vecindario,pende japu nñopẽi aipo amandaje
vuestro embuste une aquel vecindario,pende japu nñopẽi ako amandaje
vuestro embuste une aquel vecindario,pene ñembotavy ndjoapyi amo amandaje
vuestro embuste une aquel vecindario,pene ñembotavy ndjoapyi aipo amandaje
vuestro embuste une aquel vecindario,pene ñembotavy ndjoapyi ako amandaje
vuestro embuste une aquel vecindario,pene ñembotavy ndjuajui amo amandaje
vuestro embuste une aquel vecindario,pene ñembotavy ndjuajui aipo amandaje
vuestro embuste une aquel vecindario,pene ñembotavy ndjuajui ako amandaje
vuestro embuste une aquel vecindario,pene ñembotavy nmbojoajui amo amandaje
vuestro embuste une aquel vecindario,pene ñembotavy nmbojoajui aipo amandaje
vuestro embuste une aquel vecindario,pene ñembotavy nmbojoajui ako amandaje
vuestro embuste une aquel vecindario,pene ñembotavy nmbojojai amo amandaje
vuestro embuste une aquel vecindario,pene ñembotavy nmbojojai aipo amandaje
vuestro embuste une aquel vecindario,pene ñembotavy nmbojojai ako amandaje
vuestro embuste une aquel vecindario,pene ñembotavy nmbojuajui amo amandaje
vuestro embuste une aquel vecindario,pene ñembotavy nmbojuajui aipo amandaje
vuestro embuste une aquel vecindario,pene ñembotavy nmbojuajui ako amandaje
vuestro embuste une aquel vecindario,pene ñembotavy nmbojuapyi amo amandaje
vuestro embuste une aquel vecindario,pene ñembotavy nmbojuapyi aipo amandaje
vuestro embuste une aquel vecindario,pene ñembotavy nmbojuapyi ako amandaje
vuestro embuste une aquel vecindario,pene ñembotavy nñopẽi amo amandaje
vuestro embuste une aquel vecindario,pene ñembotavy nñopẽi aipo amandaje
vuestro embuste une aquel vecindario,pene ñembotavy nñopẽi ako amandaje
este revólver contó estos teatros,ko mboka nmombe'ui ã tekoha'angakuéra
este revólver contó estos teatros,ko mboka nmombe'ui ã ñemoha'angakuéra
este revólver contó estos teatros,ko mboka nmombe'ui ã tekochaukakuéra
este revólver contó estos teatros,ko mboka nmombe'ui ko'ã tekoha'angakuéra
este revólver contó estos teatros,ko mboka nmombe'ui ko'ã ñemoha'angakuéra
este revólver contó estos teatros,ko mboka nmombe'ui ko'ã tekochaukakuéra
este revólver contó estos teatros,ko mboka ndpapai ã tekoha'angakuéra
este revólver contó estos teatros,ko mboka ndpapai ã ñemoha'angakuéra
este revólver contó estos teatros,ko mboka ndpapai ã tekochaukakuéra
este revólver contó estos teatros,ko mboka ndpapai ko'ã tekoha'angakuéra
este revólver contó estos teatros,ko mboka ndpapai ko'ã ñemoha'angakuéra
este revólver contó estos teatros,ko mboka ndpapai ko'ã tekochaukakuéra
el poeta cargaba,ñe'ẽpapára nmyenyhẽi
nuestra misión trabajará,ñane tembiaporã nmba'apoi
nuestra misión trabajará,ore tembiaporã nmba'apoi
nuestros secretarios no callan,ñane pytyvõhakuéra nrokirirĩri
nuestros secretarios no callan,ñane pytyvõhárakuéra nrokirirĩri
nuestros secretarios no callan,ñane tembiguáikuéra nrokirirĩri
nuestros secretarios no callan,ore pytyvõhakuéra nrokirirĩri
nuestros secretarios no callan,ore pytyvõhárakuéra nrokirirĩri
nuestros secretarios no callan,ore tembiguáikuéra nrokirirĩri
nuestra angustia no cargaba,ñande jepy'apy nmyenyhẽi
nuestra angustia no cargaba,ñane angata nmyenyhẽi
nuestra angustia no cargaba,ore angata nmyenyhẽi
nuestra angustia no cargaba,ore jepy'apy nmyenyhẽi
aquella administradora no proseguía,amo sãmbyhyha ndjapovei
aquella administradora no proseguía,amo ñangarekohára ndjapovei
aquella administradora no proseguía,aipo sãmbyhyha ndjapovei
aquella administradora no proseguía,aipo ñangarekohára ndjapovei
aquella administradora no proseguía,ako sãmbyhyha ndjapovei
aquella administradora no proseguía,ako ñangarekohára ndjapovei
aquella separación despegará,amo jepe'a ndjupiri
aquella separación despegará,amo jepe'a npu'ãi
aquella separación despegará,amo jepe'a ndyvyrejai
aquella separación despegará,amo jopoi ndjupiri
aquella separación despegará,amo jopoi npu'ãi
aquella separación despegará,amo jopoi ndyvyrejai
aquella separación despegará,amo jueja ndjupiri
aquella separación despegará,amo jueja npu'ãi
aquella separación despegará,amo jueja ndyvyrejai
aquella separación despegará,aipo jepe'a ndjupiri
aquella separación despegará,aipo jepe'a npu'ãi
aquella separación despegará,aipo jepe'a ndyvyrejai
aquella separación despegará,aipo jopoi ndjupiri
aquella separación despegará,aipo jopoi npu'ãi
aquella separación despegará,aipo jopoi ndyvyrejai
aquella separación despegará,aipo jueja ndjupiri
aquella separación despegará,aipo jueja npu'ãi
aquella separación despegará,aipo jueja ndyvyrejai
aquella separación despegará,ako jepe'a ndjupiri
aquella separación despegará,ako jepe'a npu'ãi
aquella separación despegará,ako jepe'a ndyvyrejai
aquella separación despegará,ako jopoi ndjupiri
aquella separación despegará,ako jopoi npu'ãi
aquella separación despegará,ako jopoi ndyvyrejai
aquella separación despegará,ako jueja ndjupiri
aquella separación despegará,ako jueja npu'ãi
aquella separación despegará,ako jueja ndyvyrejai
este sarampión esperará,ko mbiru'a ndjeroviai
estos trasportes no rodean,ã jerovakuéra ndjerei
estos trasportes no rodean,ã jerovakuéra nmbohokáiri
estos trasportes no rodean,ã jerovakuéra nmbojerei
estos trasportes no rodean,ko'ã jerovakuéra ndjerei
estos trasportes no rodean,ko'ã jerovakuéra nmbohokáiri
estos trasportes no rodean,ko'ã jerovakuéra nmbojerei
nuestras parodias no habitarán,ñane tekora'ãnguéra ndikoi
nuestras parodias no habitarán,ñane tekora'ãnguéra nimei
nuestras parodias no habitarán,ñane tekora'ãnguéra nĩri
nuestras parodias no habitarán,ore tekora'ãnguéra ndikoi
nuestras parodias no habitarán,ore tekora'ãnguéra nimei
nuestras parodias no habitarán,ore tekora'ãnguéra nĩri
nuestras peleas bajaron,ñane ñorairõnguéra ndguejyi
nuestras peleas bajaron,ñane ñorairõnguéra ndguyi
nuestras peleas bajaron,ñane ñorairõnguéra nmboguejyi
nuestras peleas bajaron,ñane ñorairõnguéra ndrojyi
nuestras peleas bajaron,ore ñorairõnguéra ndguejyi
nuestras peleas bajaron,ore ñorairõnguéra ndguyi
nuestras peleas bajaron,ore ñorairõnguéra nmboguejyi
nuestras peleas bajaron,ore ñorairõnguéra ndrojyi
las relaciones tirarán,jokuaakuéra nha'ãi
las relaciones tirarán,jokuaakuéra ndityi
las relaciones tirarán,jokuaakuéra ndkapui
las relaciones tirarán,jokuaakuéra nmomboi
nuestras percepciones forzarán esa señora a aquellos presidentes,ñane ñeñandukuéra nrairõi ku kuñakarai umi mburuvichakuérape
nuestras percepciones forzarán esa señora a aquellos presidentes,ñane ñeñandukuéra nrairõi ku tembireko umi mburuvichakuérape
nuestras percepciones forzarán esa señora a aquellos presidentes,ñane ñeñandukuéra nrairõi ku jára umi mburuvichakuérape
nuestras percepciones forzarán esa señora a aquellos presidentes,ñane ñeñandukuéra nrairõi ku karai umi mburuvichakuérape
nuestras percepciones forzarán esa señora a aquellos presidentes,ñane ñeñandukuéra nrairõi ku pa'i umi mburuvichakuérape
nuestras percepciones forzarán esa señora a aquellos presidentes,ñane ñeñandukuéra nrairõi upe kuñakarai umi mburuvichakuérape
nuestras percepciones forzarán esa señora a aquellos presidentes,ñane ñeñandukuéra nrairõi upe tembireko umi mburuvichakuérape
nuestras percepciones forzarán esa señora a aquellos presidentes,ñane ñeñandukuéra nrairõi upe jára umi mburuvichakuérape
nuestras percepciones forzarán esa señora a aquellos presidentes,ñane ñeñandukuéra nrairõi upe karai umi mburuvichakuérape
nuestras percepciones forzarán esa señora a aquellos presidentes,ñane ñeñandukuéra nrairõi upe pa'i umi mburuvichakuérape
nuestras percepciones forzarán esa señora a aquellos presidentes,ore ñeñandukuéra nrairõi ku kuñakarai umi mburuvichakuérape
nuestras percepciones forzarán esa señora a aquellos presidentes,ore ñeñandukuéra nrairõi ku tembireko umi mburuvichakuérape
nuestras percepciones forzarán esa señora a aquellos presidentes,ore ñeñandukuéra nrairõi ku jára umi mburuvichakuérape
nuestras percepciones forzarán esa señora a aquellos presidentes,ore ñeñandukuéra nrairõi ku karai umi mburuvichakuérape
nuestras percepciones forzarán esa señora a aquellos presidentes,ore ñeñandukuéra nrairõi ku pa'i umi mburuvichakuérape
nuestras percepciones forzarán esa señora a aquellos presidentes,ore ñeñandukuéra nrairõi upe kuñakarai umi mburuvichakuérape
nuestras percepciones forzarán esa señora a aquellos presidentes,ore ñeñandukuéra nrairõi upe tembireko umi mburuvichakuérape
nuestras percepciones forzarán esa señora a aquellos presidentes,ore ñeñandukuéra nrairõi upe jára umi mburuvichakuérape
nuestras percepciones forzarán esa señora a aquellos presidentes,ore ñeñandukuéra nrairõi upe karai umi mburuvichakuérape
nuestras percepciones forzarán esa señora a aquellos presidentes,ore ñeñandukuéra nrairõi upe pa'i umi mburuvichakuérape
nuestras percepciones forzarán esa señora a aquellos presidentes,ñane ñeñandukuéra nrairõi ku kuñakarai umi mburuvichakuérame
nuestras percepciones forzarán esa señora a aquellos presidentes,ñane ñeñandukuéra nrairõi ku tembireko umi mburuvichakuérame
nuestras percepciones forzarán esa señora a aquellos presidentes,ñane ñeñandukuéra nrairõi ku jára umi mburuvichakuérame
nuestras percepciones forzarán esa señora a aquellos presidentes,ñane ñeñandukuéra nrairõi ku karai umi mburuvichakuérame
nuestras percepciones forzarán esa señora a aquellos presidentes,ñane ñeñandukuéra nrairõi ku pa'i umi mburuvichakuérame
nuestras percepciones forzarán esa señora a aquellos presidentes,ñane ñeñandukuéra nrairõi upe kuñakarai umi mburuvichakuérame
nuestras percepciones forzarán esa señora a aquellos presidentes,ñane ñeñandukuéra nrairõi upe tembireko umi mburuvichakuérame
nuestras percepciones forzarán esa señora a aquellos presidentes,ñane ñeñandukuéra nrairõi upe jára umi mburuvichakuérame
nuestras percepciones forzarán esa señora a aquellos presidentes,ñane ñeñandukuéra nrairõi upe karai umi mburuvichakuérame
nuestras percepciones forzarán esa señora a aquellos presidentes,ñane ñeñandukuéra nrairõi upe pa'i umi mburuvichakuérame
nuestras percepciones forzarán esa señora a aquellos presidentes,ore ñeñandukuéra nrairõi ku kuñakarai umi mburuvichakuérame
nuestras percepciones forzarán esa señora a aquellos presidentes,ore ñeñandukuéra nrairõi ku tembireko umi mburuvichakuérame
nuestras percepciones forzarán esa señora a aquellos presidentes,ore ñeñandukuéra nrairõi ku jára umi mburuvichakuérame
nuestras percepciones forzarán esa señora a aquellos presidentes,ore ñeñandukuéra nrairõi ku karai umi mburuvichakuérame
nuestras percepciones forzarán esa señora a aquellos presidentes,ore ñeñandukuéra nrairõi ku pa'i umi mburuvichakuérame
nuestras percepciones forzarán esa señora a aquellos presidentes,ore ñeñandukuéra nrairõi upe kuñakarai umi mburuvichakuérame
nuestras percepciones forzarán esa señora a aquellos presidentes,ore ñeñandukuéra nrairõi upe tembireko umi mburuvichakuérame
nuestras percepciones forzarán esa señora a aquellos presidentes,ore ñeñandukuéra nrairõi upe jára umi mburuvichakuérame
nuestras percepciones forzarán esa señora a aquellos presidentes,ore ñeñandukuéra nrairõi upe karai umi mburuvichakuérame
nuestras percepciones forzarán esa señora a aquellos presidentes,ore ñeñandukuéra nrairõi upe pa'i umi mburuvichakuérame
esta pobreza ocupa,ko mboriahu ndjokuáiri
esta pobreza ocupa,ko tekotevẽ ndjokuáiri
esta pobreza ocupa,ko ñeikotevẽ ndjokuáiri
aquel precio no cegará esas disculpas,amo repy nmohesatũi umi ñyrõnguéra
aquel precio no cegará esas disculpas,amo tepy nmohesatũi umi ñyrõnguéra
aquel precio no cegará esas disculpas,amo tepykue nmohesatũi umi ñyrõnguéra
aquel precio no cegará esas disculpas,aipo repy nmohesatũi umi ñyrõnguéra
aquel precio no cegará esas disculpas,aipo tepy nmohesatũi umi ñyrõnguéra
aquel precio no cegará esas disculpas,aipo tepykue nmohesatũi umi ñyrõnguéra
aquel precio no cegará esas disculpas,ako repy nmohesatũi umi ñyrõnguéra
aquel precio no cegará esas disculpas,ako tepy nmohesatũi umi ñyrõnguéra
aquel precio no cegará esas disculpas,ako tepykue nmohesatũi umi ñyrõnguéra
vuestras prestatarias no enlazaron,pende poruhakuéra ndjurai
vuestras prestatarias no enlazaron,pende poruhakuéra nmosãi
esas hortalizas no ocuparon,umi remitỹnguekuéra ndjokuáiri
esas hortalizas no ocuparon,umi ka'avokuéra ndjokuáiri
los grupos establecen,atykuéra nmohendai
las nivelaciones no explotan,ñembojojakuéra ndkapui
las nivelaciones no explotan,ñembojojakuéra ndpui
este susto vagó vuestro momento a tu semejante,ko mondýi ndikoreiri pende sapy'a nde rapichape
este susto vagó vuestro momento a tu semejante,ko mondýi ndikoreiri pende sapy'a nde tapichape
este susto vagó vuestro momento a tu semejante,ko mondýi nkundahai pende sapy'a nde rapichape
este susto vagó vuestro momento a tu semejante,ko mondýi nkundahai pende sapy'a nde tapichape
este susto vagó vuestro momento a tu semejante,ko mondýi ndtavahui pende sapy'a nde rapichape
este susto vagó vuestro momento a tu semejante,ko mondýi ndtavahui pende sapy'a nde tapichape
este susto vagó vuestro momento a tu semejante,ko ndýi ndikoreiri pende sapy'a nde rapichape
este susto vagó vuestro momento a tu semejante,ko ndýi ndikoreiri pende sapy'a nde tapichape
este susto vagó vuestro momento a tu semejante,ko ndýi nkundahai pende sapy'a nde rapichape
este susto vagó vuestro momento a tu semejante,ko ndýi nkundahai pende sapy'a nde tapichape
este susto vagó vuestro momento a tu semejante,ko ndýi ndtavahui pende sapy'a nde rapichape
este susto vagó vuestro momento a tu semejante,ko ndýi ndtavahui pende sapy'a nde tapichape
este susto vagó vuestro momento a tu semejante,ko ñemondýi ndikoreiri pende sapy'a nde rapichape
este susto vagó vuestro momento a tu semejante,ko ñemondýi ndikoreiri pende sapy'a nde tapichape
este susto vagó vuestro momento a tu semejante,ko ñemondýi nkundahai pende sapy'a nde rapichape
este susto vagó vuestro momento a tu semejante,ko ñemondýi nkundahai pende sapy'a nde tapichape
este susto vagó vuestro momento a tu semejante,ko ñemondýi ndtavahui pende sapy'a nde rapichape
este susto vagó vuestro momento a tu semejante,ko ñemondýi ndtavahui pende sapy'a nde tapichape
este susto vagó vuestro momento a tu semejante,ko chuchu ndikoreiri pende sapy'a nde rapichape
este susto vagó vuestro momento a tu semejante,ko chuchu ndikoreiri pende sapy'a nde tapichape
este susto vagó vuestro momento a tu semejante,ko chuchu nkundahai pende sapy'a nde rapichape
este susto vagó vuestro momento a tu semejante,ko chuchu nkundahai pende sapy'a nde tapichape
este susto vagó vuestro momento a tu semejante,ko chuchu ndtavahui pende sapy'a nde rapichape
este susto vagó vuestro momento a tu semejante,ko chuchu ndtavahui pende sapy'a nde tapichape
vuestro gesto no goza,pene tetemýi ndroryi
vuestro gesto no goza,pene tetemýi ndvy'ai
vuestro gesto no goza,pene teteñe'ẽ ndroryi
vuestro gesto no goza,pene teteñe'ẽ ndvy'ai
vuestro gesto no goza,pene tovamegua ndroryi
vuestro gesto no goza,pene tovamegua ndvy'ai
vuestro sonido no forzará esos idiomas a vuestro motín,pende gualala nrairõi umi ñe'ẽnguéra pene pu'ãme
vuestro sonido no forzará esos idiomas a vuestro motín,pende gualala nrairõi umi ñe'ẽnguéra pene ñepu'ãme
vuestro sonido no forzará esos idiomas a vuestro motín,pende pu nrairõi umi ñe'ẽnguéra pene pu'ãme
vuestro sonido no forzará esos idiomas a vuestro motín,pende pu nrairõi umi ñe'ẽnguéra pene ñepu'ãme
vuestro sonido no forzará esos idiomas a vuestro motín,pene atõi nrairõi umi ñe'ẽnguéra pene pu'ãme
vuestro sonido no forzará esos idiomas a vuestro motín,pene atõi nrairõi umi ñe'ẽnguéra pene ñepu'ãme
vuestro sonido no forzará esos idiomas a vuestro motín,pene mba'epu nrairõi umi ñe'ẽnguéra pene pu'ãme
vuestro sonido no forzará esos idiomas a vuestro motín,pene mba'epu nrairõi umi ñe'ẽnguéra pene ñepu'ãme
vuestros cuerpos toman,pende hetekuéra ndjapyhyi
vuestros cuerpos toman,pende hetekuéra ndjavo'oi
vuestros cuerpos toman,pende hetekuéra nkuãchaĩri
vuestros cuerpos toman,pende hetekuéra ndpo'oi
vuestros cuerpos toman,pende hetekuéra ndpyhyi
vuestros cuerpos toman,pende retekuéra ndjapyhyi
vuestros cuerpos toman,pende retekuéra ndjavo'oi
vuestros cuerpos toman,pende retekuéra nkuãchaĩri
vuestros cuerpos toman,pende retekuéra ndpo'oi
vuestros cuerpos toman,pende retekuéra ndpyhyi
vuestros cuerpos toman,pende tetekuéra ndjapyhyi
vuestros cuerpos toman,pende tetekuéra ndjavo'oi
vuestros cuerpos toman,pende tetekuéra nkuãchaĩri
vuestros cuerpos toman,pende tetekuéra ndpo'oi
vuestros cuerpos toman,pende tetekuéra ndpyhyi
los desfalcos no descendían en vuestro país,ñemondakuéra ndguejyi pene tetãme
vuestro abanico anhela las pruebas a vuestros cinturones,pende jepejuha ndpotai ha'ãnguéra pende ku'akuakuérape
vuestro abanico anhela las pruebas a vuestros cinturones,pende jepejuha ndpotai ha'ãnguéra pene chumbekuérame
vuestro abanico anhela las pruebas a vuestros cinturones,pende jepejuha ndpotai ha'ãnguéra pene ku'asãnguérame
vuestro abanico anhela las pruebas a vuestros cinturones,pende jepejuha ndpotai kuaara'ãnguéra pende ku'akuakuérape
vuestro abanico anhela las pruebas a vuestros cinturones,pende jepejuha ndpotai kuaara'ãnguéra pene chumbekuérame
vuestro abanico anhela las pruebas a vuestros cinturones,pende jepejuha ndpotai kuaara'ãnguéra pene ku'asãnguérame
vuestro abanico anhela las pruebas a vuestros cinturones,pende jepejuha ndpotai py'ara'ãnguéra pende ku'akuakuérape
vuestro abanico anhela las pruebas a vuestros cinturones,pende jepejuha ndpotai py'ara'ãnguéra pene chumbekuérame
vuestro abanico anhela las pruebas a vuestros cinturones,pende jepejuha ndpotai py'ara'ãnguéra pene ku'asãnguérame
vuestro abanico anhela las pruebas a vuestros cinturones,pende jepejuha ndpotai ñeha'ãnguéra pende ku'akuakuérape
vuestro abanico anhela las pruebas a vuestros cinturones,pende jepejuha ndpotai ñeha'ãnguéra pene chumbekuérame
vuestro abanico anhela las pruebas a vuestros cinturones,pende jepejuha ndpotai ñeha'ãnguéra pene ku'asãnguérame
vuestro abanico anhela las pruebas a vuestros cinturones,pende pejuha ndpotai ha'ãnguéra pende ku'akuakuérape
vuestro abanico anhela las pruebas a vuestros cinturones,pende pejuha ndpotai ha'ãnguéra pene chumbekuérame
vuestro abanico anhela las pruebas a vuestros cinturones,pende pejuha ndpotai ha'ãnguéra pene ku'asãnguérame
vuestro abanico anhela las pruebas a vuestros cinturones,pende pejuha ndpotai kuaara'ãnguéra pende ku'akuakuérape
vuestro abanico anhela las pruebas a vuestros cinturones,pende pejuha ndpotai kuaara'ãnguéra pene chumbekuérame
vuestro abanico anhela las pruebas a vuestros cinturones,pende pejuha ndpotai kuaara'ãnguéra pene ku'asãnguérame
vuestro abanico anhela las pruebas a vuestros cinturones,pende pejuha ndpotai py'ara'ãnguéra pende ku'akuakuérape
vuestro abanico anhela las pruebas a vuestros cinturones,pende pejuha ndpotai py'ara'ãnguéra pene chumbekuérame
vuestro abanico anhela las pruebas a vuestros cinturones,pende pejuha ndpotai py'ara'ãnguéra pene ku'asãnguérame
vuestro abanico anhela las pruebas a vuestros cinturones,pende pejuha ndpotai ñeha'ãnguéra pende ku'akuakuérape
vuestro abanico anhela las pruebas a vuestros cinturones,pende pejuha ndpotai ñeha'ãnguéra pene chumbekuérame
vuestro abanico anhela las pruebas a vuestros cinturones,pende pejuha ndpotai ñeha'ãnguéra pene ku'asãnguérame
nuestra protesta perderá,ñane mbohovái nmbyairi
nuestra protesta perderá,ñane mbohovái nmokañyi
nuestra protesta perderá,ñane mbohovái nrokañyi
nuestra protesta perderá,ñane ñe'ẽnguru nmbyairi
nuestra protesta perderá,ñane ñe'ẽnguru nmokañyi
nuestra protesta perderá,ñane ñe'ẽnguru nrokañyi
nuestra protesta perderá,ore mbohovái nmbyairi
nuestra protesta perderá,ore mbohovái nmokañyi
nuestra protesta perderá,ore mbohovái nrokañyi
nuestra protesta perderá,ore ñe'ẽnguru nmbyairi
nuestra protesta perderá,ore ñe'ẽnguru nmokañyi
nuestra protesta perderá,ore ñe'ẽnguru nrokañyi
nuestra línea niega,ñande hai nmbotovei
nuestra línea niega,ñande jehai nmbotovei
nuestra línea niega,ñande rysýi nmbotovei
nuestra línea niega,ñande tysýi nmbotovei
nuestra línea niega,ore hai nmbotovei
nuestra línea niega,ore jehai nmbotovei
nuestra línea niega,ore rysýi nmbotovei
nuestra línea niega,ore tysýi nmbotovei
aquellas atenciones no valieron,umi ñangarekokuéra ndvalei
aquellas atenciones no valieron,umi japysakakuéra ndvalei
aquellas atenciones no valieron,umi jesarekokuéra ndvalei
aquellas atenciones no valieron,umi tesarekokuéra ndvalei
nuestro nacido camina,ñande jati'i ndguatai
nuestro nacido camina,ñande jati'i ndpykúiri
nuestro nacido camina,ñande susu'a ndguatai
nuestro nacido camina,ñande susu'a ndpykúiri
nuestro nacido camina,ore jati'i ndguatai
nuestro nacido camina,ore jati'i ndpykúiri
nuestro nacido camina,ore susu'a ndguatai
nuestro nacido camina,ore susu'a ndpykúiri
esas traducciones no estrenaron,umi ñembohasakuéra nmoñepyrũi
esa consecuencia pudo,ku tapykuegua ndikatui
esa consecuencia pudo,ku tapykuegua ndkatui
esa consecuencia pudo,ku tapykuegua ndkuaai
esa consecuencia pudo,ku tapykuegua ndpojáiri
esa consecuencia pudo,upe tapykuegua ndikatui
esa consecuencia pudo,upe tapykuegua ndkatui
esa consecuencia pudo,upe tapykuegua ndkuaai
esa consecuencia pudo,upe tapykuegua ndpojáiri
aquel destino no recupera,amo herunguã ndrojevyi
aquel destino no recupera,amo tenonderã ndrojevyi
aquel destino no recupera,amo poravi ndrojevyi
aquel destino no recupera,aipo herunguã ndrojevyi
aquel destino no recupera,aipo tenonderã ndrojevyi
aquel destino no recupera,aipo poravi ndrojevyi
aquel destino no recupera,ako herunguã ndrojevyi
aquel destino no recupera,ako tenonderã ndrojevyi
aquel destino no recupera,ako poravi ndrojevyi
estos sorteos prolongarán esta violación,ã po'arekakuéra nmboarevei ko ñerairõ
estos sorteos prolongarán esta violación,ã po'arekakuéra nmbopukuvei ko ñerairõ
estos sorteos prolongarán esta violación,ko'ã po'arekakuéra nmboarevei ko ñerairõ
estos sorteos prolongarán esta violación,ko'ã po'arekakuéra nmbopukuvei ko ñerairõ
nuestra prensa negaba vuestro objetivo,ñande jopyha nmbotovei pende jejapose
nuestra prensa negaba vuestro objetivo,ñande jopyha nmbotovei pene hupytypyrã
nuestra prensa negaba vuestro objetivo,ñande jopyha nmbotovei pene jejaporã
nuestra prensa negaba vuestro objetivo,ñande jopyha nmbotovei pene ma'erã
nuestra prensa negaba vuestro objetivo,ñande jopyha nmbotovei pene tekorã
nuestra prensa negaba vuestro objetivo,ñande jopyha nmbotovei pene temimo'ã
nuestra prensa negaba vuestro objetivo,ore jopyha nmbotovei pende jejapose
nuestra prensa negaba vuestro objetivo,ore jopyha nmbotovei pene hupytypyrã
nuestra prensa negaba vuestro objetivo,ore jopyha nmbotovei pene jejaporã
nuestra prensa negaba vuestro objetivo,ore jopyha nmbotovei pene ma'erã
nuestra prensa negaba vuestro objetivo,ore jopyha nmbotovei pene tekorã
nuestra prensa negaba vuestro objetivo,ore jopyha nmbotovei pene temimo'ã
estos testimonios no profundizaban,ã mombe'ukuéra nmbohypyi
estos testimonios no profundizaban,ã mombe'ukuéra nmbopypukui
estos testimonios no profundizaban,ko'ã mombe'ukuéra nmbohypyi
estos testimonios no profundizaban,ko'ã mombe'ukuéra nmbopypukui
nuestros lugares ofrecen,ñande tekohakuéra nkuave'ẽi
nuestros lugares ofrecen,ñande tekohakuéra ndropojáiri
nuestros lugares ofrecen,ñane mamokuéra nkuave'ẽi
nuestros lugares ofrecen,ñane mamokuéra ndropojáiri
nuestros lugares ofrecen,ñane mamohakuéra nkuave'ẽi
nuestros lugares ofrecen,ñane mamohakuéra ndropojáiri
nuestros lugares ofrecen,ñane tendakuéra nkuave'ẽi
nuestros lugares ofrecen,ñane tendakuéra ndropojáiri
nuestros lugares ofrecen,ore mamokuéra nkuave'ẽi
nuestros lugares ofrecen,ore mamokuéra ndropojáiri
nuestros lugares ofrecen,ore mamohakuéra nkuave'ẽi
nuestros lugares ofrecen,ore mamohakuéra ndropojáiri
nuestros lugares ofrecen,ore tendakuéra nkuave'ẽi
nuestros lugares ofrecen,ore tendakuéra ndropojáiri
nuestros lugares ofrecen,ore tekohakuéra nkuave'ẽi
nuestros lugares ofrecen,ore tekohakuéra ndropojáiri
aquel vegetal no alegra,amo ka'a nmbohetia'ei
aquel vegetal no alegra,amo ka'a nmbohoryi
aquel vegetal no alegra,amo ka'a nmbopy'aporãi
aquel vegetal no alegra,amo ka'a nmbopy'aroryi
aquel vegetal no alegra,amo ka'a nmbovy'ai
aquel vegetal no alegra,amo ka'a nporombovy'ai
aquel vegetal no alegra,amo ka'avo nmbohetia'ei
aquel vegetal no alegra,amo ka'avo nmbohoryi
aquel vegetal no alegra,amo ka'avo nmbopy'aporãi
aquel vegetal no alegra,amo ka'avo nmbopy'aroryi
aquel vegetal no alegra,amo ka'avo nmbovy'ai
aquel vegetal no alegra,amo ka'avo nporombovy'ai
aquel vegetal no alegra,aipo ka'a nmbohetia'ei
aquel vegetal no alegra,aipo ka'a nmbohoryi
aquel vegetal no alegra,aipo ka'a nmbopy'aporãi
aquel vegetal no alegra,aipo ka'a nmbopy'aroryi
aquel vegetal no alegra,aipo ka'a nmbovy'ai
aquel vegetal no alegra,aipo ka'a nporombovy'ai
aquel vegetal no alegra,aipo ka'avo nmbohetia'ei
aquel vegetal no alegra,aipo ka'avo nmbohoryi
aquel vegetal no alegra,aipo ka'avo nmbopy'aporãi
aquel vegetal no alegra,aipo ka'avo nmbopy'aroryi
aquel vegetal no alegra,aipo ka'avo nmbovy'ai
aquel vegetal no alegra,aipo ka'avo nporombovy'ai
aquel vegetal no alegra,ako ka'a nmbohetia'ei
aquel vegetal no alegra,ako ka'a nmbohoryi
aquel vegetal no alegra,ako ka'a nmbopy'aporãi
aquel vegetal no alegra,ako ka'a nmbopy'aroryi
aquel vegetal no alegra,ako ka'a nmbovy'ai
aquel vegetal no alegra,ako ka'a nporombovy'ai
aquel vegetal no alegra,ako ka'avo nmbohetia'ei
aquel vegetal no alegra,ako ka'avo nmbohoryi
aquel vegetal no alegra,ako ka'avo nmbopy'aporãi
aquel vegetal no alegra,ako ka'avo nmbopy'aroryi
aquel vegetal no alegra,ako ka'avo nmbovy'ai
aquel vegetal no alegra,ako ka'avo nporombovy'ai
aquella imaginación no degenerará,amo temimo'ã nmbohekovairi
aquella imaginación no degenerará,aipo temimo'ã nmbohekovairi
aquella imaginación no degenerará,ako temimo'ã nmbohekovairi
las dignidades diferencian nuestro vicio a este sufrimiento,marangatukuekuéra nmbojoavyi ñande tekovai ko tekoasype
las dignidades diferencian nuestro vicio a este sufrimiento,marangatukuekuéra nmbojoavyi ore tekovai ko tekoasype
las dignidades diferencian nuestro vicio a este sufrimiento,marangatukuekuéra nmoingoei ñande tekovai ko tekoasype
las dignidades diferencian nuestro vicio a este sufrimiento,marangatukuekuéra nmoingoei ore tekovai ko tekoasype
nuestra creencia no estableció el bajo,ñande jegueroviapy nmohendai yvy'ã
nuestra creencia no estableció el bajo,ñande jerovia nmohendai yvy'ã
nuestra creencia no estableció el bajo,ore jegueroviapy nmohendai yvy'ã
nuestra creencia no estableció el bajo,ore jerovia nmohendai yvy'ã
las plantaciones dormían,temitỹnguéra ndkei
las plantaciones dormían,temitỹndykuéra ndkei
las plantaciones dormían,ñemitỹnguéra ndkei
las plantaciones dormían,ñeñotỹnguéra ndkei
las plantaciones dormían,kapuérakuéra ndkei
las plantaciones dormían,kokuekuéra ndkei
las plantaciones dormían,kógakuéra ndkei
este ratero no tomaba,ko povevúi ndjapyhyi
este ratero no tomaba,ko povevúi ndjavo'oi
este ratero no tomaba,ko povevúi nkuãchaĩri
este ratero no tomaba,ko povevúi ndpo'oi
este ratero no tomaba,ko povevúi ndpyhyi
las solidaridades no cacarearon esos sobresaltos,ñepytyvõnguéra ndkokorei umi pirĩnguéra
las solidaridades no cacarearon esos sobresaltos,ñepytyvõnguéra ndkokorei umi ñemondýikuéra
las solidaridades no cacarearon esos sobresaltos,ñepytyvõnguéra ndkokorei umi py'apopokuéra
las solidaridades no cacarearon esos sobresaltos,ñepytyvõnguéra ndtokoro'oi umi pirĩnguéra
las solidaridades no cacarearon esos sobresaltos,ñepytyvõnguéra ndtokoro'oi umi ñemondýikuéra
las solidaridades no cacarearon esos sobresaltos,ñepytyvõnguéra ndtokoro'oi umi py'apopokuéra
las solidaridades no cacarearon esos sobresaltos,jejopóikuéra ndkokorei umi pirĩnguéra
las solidaridades no cacarearon esos sobresaltos,jejopóikuéra ndkokorei umi ñemondýikuéra
las solidaridades no cacarearon esos sobresaltos,jejopóikuéra ndkokorei umi py'apopokuéra
las solidaridades no cacarearon esos sobresaltos,jejopóikuéra ndtokoro'oi umi pirĩnguéra
las solidaridades no cacarearon esos sobresaltos,jejopóikuéra ndtokoro'oi umi ñemondýikuéra
las solidaridades no cacarearon esos sobresaltos,jejopóikuéra ndtokoro'oi umi py'apopokuéra
las solidaridades no cacarearon esos sobresaltos,jejoporukuéra ndkokorei umi pirĩnguéra
las solidaridades no cacarearon esos sobresaltos,jejoporukuéra ndkokorei umi ñemondýikuéra
las solidaridades no cacarearon esos sobresaltos,jejoporukuéra ndkokorei umi py'apopokuéra
las solidaridades no cacarearon esos sobresaltos,jejoporukuéra ndtokoro'oi umi pirĩnguéra
las solidaridades no cacarearon esos sobresaltos,jejoporukuéra ndtokoro'oi umi ñemondýikuéra
las solidaridades no cacarearon esos sobresaltos,jejoporukuéra ndtokoro'oi umi py'apopokuéra
las solidaridades no cacarearon esos sobresaltos,joajukuéra ndkokorei umi pirĩnguéra
las solidaridades no cacarearon esos sobresaltos,joajukuéra ndkokorei umi ñemondýikuéra
las solidaridades no cacarearon esos sobresaltos,joajukuéra ndkokorei umi py'apopokuéra
las solidaridades no cacarearon esos sobresaltos,joajukuéra ndtokoro'oi umi pirĩnguéra
las solidaridades no cacarearon esos sobresaltos,joajukuéra ndtokoro'oi umi ñemondýikuéra
las solidaridades no cacarearon esos sobresaltos,joajukuéra ndtokoro'oi umi py'apopokuéra
las solidaridades no cacarearon esos sobresaltos,johechakuaakuéra ndkokorei umi pirĩnguéra
las solidaridades no cacarearon esos sobresaltos,johechakuaakuéra ndkokorei umi ñemondýikuéra
las solidaridades no cacarearon esos sobresaltos,johechakuaakuéra ndkokorei umi py'apopokuéra
las solidaridades no cacarearon esos sobresaltos,johechakuaakuéra ndtokoro'oi umi pirĩnguéra
las solidaridades no cacarearon esos sobresaltos,johechakuaakuéra ndtokoro'oi umi ñemondýikuéra
las solidaridades no cacarearon esos sobresaltos,johechakuaakuéra ndtokoro'oi umi py'apopokuéra
el clan mantiene vuestras cosquillas,te'ýi nmongarui pene kyrỹinguéra
el clan mantiene vuestras cosquillas,te'ýi ndrekoi pene kyrỹinguéra
el funcionario introduce,tembijokuái nmoingei
el funcionario introduce,tembijokuái nñoñai
aquellos peligros acercaron,umi mongyhyjehakuéra nmbojai
aquellos peligros acercaron,umi mongyhyjehakuéra nmoaguĩri
aquellos peligros acercaron,umi mongyhyjehakuéra ndrojai
aquellos peligros acercaron,umi ñemongyhyjekuéra nmbojai
aquellos peligros acercaron,umi ñemongyhyjekuéra nmoaguĩri
aquellos peligros acercaron,umi ñemongyhyjekuéra ndrojai
esos mercados no proceden,umi ñemuhakuéra ndjapoi
esas bellezas no iniciaron el combate,umi porãnguéra nñepyrũi ñorairõ
esas bellezas no iniciaron el combate,umi porãnguekuéra nñepyrũi ñorairõ
