abalanzar,intransitive
abanderar,transitive
abandonar,transitive
abanicar,transitive
abaratar,transitive
abarcar,transitive
abastecer,transitive
abatir,transitive
abdicar,intransitive
abismar,transitive
abjurar,intransitive
abogar,intransitive
abolir,transitive
abonar,transitive
abordar,transitive
aborrecer,intransitive
abortar,intransitive
abrazar,transitive,intransitive
abreviar,transitive
abrigar,transitive
abrillantar,transitive
abrir,ditransitive,transitive,intransitive
abroncar,transitive
abrumar,transitive
absolver,transitive
absorber,transitive
abstener,intransitive
abstraer,transitive
abuchear,transitive
abundar,intransitive
aburrir,transitive
abusar,intransitive
acabar,intransitive,transitive
acaecer,intransitive
acalambrar,transitive
acallar,transitive
acampar,intransitive
acaparar,transitive
acariciar,transitive
acarrear,transitive
acatar,transitive
acceder,intransitive
accidentar,intransitive
accionar,transitive
acechar,transitive
acelerar,transitive
acentuar,transitive,intransitive
aceptar,transitive
acercar,intransitive,transitive,ditransitive
acertar,intransitive
achacar,ditransitive,transitive
achicar,transitive
achuchar,transitive
aclamar,transitive
aclarar,transitive
acoger,transitive,intransitive
acometer,transitive
acomodar,transitive
acompañar,transitive
acondicionar,transitive
aconsejar,ditransitive
acontecer,intransitive
acopiar,transitive
acoplar,intransitive,transitive
acordar,intransitive,transitive
acordonar,transitive
acorralar,transitive
acortar,transitive,intransitive
acosar,transitive
acostar,intransitive,transitive
acostumbrar,transitive
acotar,transitive
acrecentar,transitive
acreditar,transitive
acristalar,transitive
activar,intransitive,transitive
actualizar,transitive
actuar,intransitive
acudir,intransitive
acumular,transitive
acuñar,transitive
acusar,transitive
adaptar,transitive,intransitive
adecentar,transitive
adecuar,transitive
adelantar,transitive,intransitive
adelgazar,transitive
adentrar,intransitive
adherir,intransitive,transitive
adiestrar,transitive
adivinar,transitive
adjudicar,ditransitive
adjuntar,transitive
administrar,transitive,ditransitive
admirar,transitive,intransitive
admitir,transitive
adoctrinar,transitive
adoptar,transitive
adorar,transitive
adormecer,transitive
adormilar,transitive
adornar,transitive
adosar,transitive
adquirir,transitive
adscribir,transitive
aducir,transitive
adueñar,intransitive
adulterar,transitive
advertir,transitive
aeronavegar,intransitive
afanar,intransitive
afear,transitive,ditransitive
afectar,transitive
afeitar,transitive
aferrar,intransitive
afianzar,transitive
aficionar,intransitive
afiliar,transitive
afinar,transitive
afincar,transitive
afirmar,ditransitive
aflojar,transitive
aflorar,intransitive
afluir,intransitive
aforar,transitive
afrontar,transitive
agachar,intransitive
agarrar,transitive,intransitive
agasajar,transitive
agenciar,transitive
agilizar,transitive
agitar,transitive
aglutinar,transitive
agobiar,transitive
agolpar,transitive
agonizar,intransitive
agotar,transitive
agradar,transitive
agradecer,ditransitive
agravar,transitive
agredir,transitive
agregar,transitive
agrupar,transitive
aguantar,transitive,intransitive
aguar,transitive
aguardar,transitive
agudizar,transitive
aguijonear,transitive
ahincar,intransitive
ahogar,transitive
ahondar,intransitive,transitive
ahormar,transitive
ahorrar,transitive
ahuyentar,transitive
airear,transitive
aislar,transitive
ajustar,transitive,intransitive
alabar,transitive
alardear,intransitive
alargar,transitive
alarmar,transitive
albergar,transitive
alcanzar,transitive
alear,transitive
aleccionar,transitive
alegar,transitive
alegrar,intransitive,transitive
alejar,transitive
alentar,transitive
alertar,transitive
alfabetizar,transitive
algarear,intransitive
aliar,transitive
aligerar,transitive
alijar,transitive
alimentar,transitive
aliñar,transitive
alinear,transitive
alisar,transitive
alistar,transitive,intransitive
aliviar,transitive
allanar,transitive
allegar,intransitive
almacenar,transitive
almorzar,intransitive
alojar,intransitive,transitive
alquilar,transitive
alterar,transitive
altercar,intransitive
alternar,transitive
aludir,intransitive
alumbrar,transitive
alzar,intransitive,transitive
amadrinar,transitive
amagar,intransitive
amainar,intransitive
amamantar,transitive
amanecer,intransitive
amar,transitive
amargar,transitive
amarrar,transitive
ambicionar,transitive
ambientar,transitive
amedrentar,transitive
amenazar,transitive
amilanar,transitive
amoldarse,transitive
amonestar,transitive
amontonar,transitive
amortajar,transitive
amortiguar,transitive
amortizar,transitive
amotinar,intransitive
amparar,intransitive
ampliar,transitive
amputar,transitive
amurallar,transitive
añadir,transitive
analizar,transitive
anclar,transitive
andar,intransitive
angustiar,transitive
anhelar,transitive
anidar,intransitive
animar,transitive
aniquilar,transitive
anochecer,intransitive
añorar,transitive
anotar,transitive
ansiar,transitive
anteceder,transitive
anteponer,transitive
anticipar,transitive,intransitive
anudar,transitive
anular,transitive
anunciar,transitive
apabullar,transitive
apaciguar,transitive
apadrinar,transitive
apagar,transitive
apandar,transitive
aparcar,transitive
aparear,intransitive
aparecer,intransitive
aparentar,transitive
apartar,transitive
apasionar,transitive
apear,transitive
apechugar,intransitive
apelar,intransitive,transitive
apenar,transitive
apercibir,intransitive
apiadar,intransitive
apilar,transitive
apiñar,intransitive
aplacar,transitive
aplastar,transitive
aplaudir,transitive
aplazar,transitive
aplicar,transitive
aplomar,transitive
apodar,transitive
apoderar,intransitive
aportar,transitive
aposentar,intransitive
apostar,transitive
apostillar,transitive
apostillarse,transitive
apoyar,transitive,intransitive
apreciar,transitive
apremiar,transitive
aprender,transitive,intransitive
apresar,transitive
aprestar,intransitive
apresurar,intransitive
apretar,transitive
aprobar,transitive
apropiar,intransitive
aprovechar,transitive,intransitive
aprovisionar,intransitive
aproximar,intransitive
apuñalar,transitive
apuntalar,transitive
apuntar,transitive
apurar,transitive
aquejar,transitive,intransitive
arañar,transitive
arbitrar,transitive
archivar,transitive
arder,intransitive
argüir,transitive
argumentar,transitive
armar,transitive
armonizar,transitive
arraigar,transitive,intransitive
arrancar,transitive,intransitive
arrasar,intransitive,transitive
arrastrar,transitive
arrebatar,ditransitive,intransitive
arreciar,intransitive
arredrar,transitive
arreglar,ditransitive,transitive
arremeter,intransitive
arrendar,transitive
arrepentirse,intransitive
arrestar,transitive
arribar,intransitive
arriesgar,intransitive,transitive
arrimar,intransitive,transitive
arrinconar,transitive
arrodillar,transitive
arrojar,transitive
arrollar,transitive
arropar,transitive
arrostrar,transitive
arruinar,transitive
arrullar,transitive
arrumbar,transitive
articular,transitive
asaetear,transitive
asaltar,transitive
ascender,intransitive
asediar,transitive
asegurar,ditransitive,transitive
asentar,intransitive,transitive
asentir,intransitive
asesinar,transitive
asesorar,ditransitive
asestar,transitive
aseverar,ditransitive
asfixiar,transitive
asignar,ditransitive
asilar,transitive
asimilar,transitive
asistir,transitive,intransitive
asociar,transitive
asolar,transitive
asomar,intransitive
asombrar,transitive
asonar,intransitive
aspirar,intransitive
astillar,transitive
asumir,transitive
asumisar,intransitive
asustar,transitive
atacar,transitive
atajar,transitive
atar,transitive
atarear,transitive
atascar,transitive
ataviar,transitive
atemperar,transitive
atender,transitive,intransitive
atenerse,intransitive
atentar,intransitive
atenuar,transitive
aterrizar,intransitive
atesorar,transitive
atinar,intransitive
atomizar,transitive
atormentar,transitive
atracar,transitive
atraer,transitive
atrapar,transitive
atrasar,transitive
atravesar,transitive
atreverse,intransitive
atribuir,ditransitive,transitive
atribular,transitive
atrincherar,transitive
atropellar,transitive
aturdir,transitive
augurar,transitive
aullar,intransitive
aumentar,transitive
aunar,transitive
ausentar,intransitive
auspiciar,transitive
autentificar,transitive
autoconvencerse,intransitive
autodefinirse,intransitive
autoflagelar,intransitive
autogenerarse,intransitive,transitive
automatizar,transitive
autoproclamarse,intransitive
autorizar,transitive,ditransitive
autorregular,transitive
auxiliar,transitive
avalar,transitive
avanzar,intransitive,transitive
avecinar,intransitive
aventajar,transitive
aventurar,intransitive,transitive
averiar,transitive
averiguar,transitive
avezar,transitive
avisar,transitive
avispar,transitive
avistar,transitive
ayudar,transitive
ayunar,intransitive
azotar,transitive
azuzar,transitive
bailar,transitive
bajar,transitive,intransitive
balcanizar,transitive
bañar,transitive
barajar,transitive
barrer,transitive
barruntar,transitive
basar,transitive,intransitive
bastar,intransitive
batallar,intransitive
batear,transitive
batir,intransitive,transitive
bautizar,transitive
beatificar,transitive
beber,transitive
becar,transitive
bendecir,transitive
beneficiar,transitive,intransitive
berrear,intransitive
besar,transitive
blandear,intransitive
blanquear,transitive
blindar,transitive
bloquear,transitive
boicotear,transitive
bombardear,transitive
bombear,transitive
bordear,transitive
borrar,transitive
bostezar,intransitive
botar,transitive
bracear,intransitive
bramar,transitive
bregar,intransitive
brillar,intransitive
brincar,intransitive
brindar,ditransitive
bromear,intransitive,transitive
broncear,transitive
brotar,intransitive
bucear,intransitive
burlar,intransitive,transitive
burocratizar,transitive
buscar,transitive
cabecear,intransitive,transitive
cabrear,transitive
cacarear,transitive
caducar,intransitive
caer,intransitive
caer_en_la_cuenta,intransitive
cagar,intransitive
calar,intransitive
calcar,transitive
calcinar,transitive
calcular,transitive
caldear,transitive
calentar,transitive
calificar,transitive,intransitive
callar,transitive,intransitive
calmar,transitive
calumniar,ditransitive
cambiar,intransitive,transitive
caminar,intransitive
campar,intransitive
camuflar,transitive
canalizar,transitive
cancelar,transitive
canjear,transitive
cansar,transitive
cantar,transitive
canturrear,transitive
capacitar,transitive
capear,transitive
capitalizar,transitive
capitanear,transitive
capitular,intransitive
captar,transitive
capturar,transitive
caracolear,intransitive
caracterizar,transitive
cardar,transitive
carecer,intransitive
cargar,transitive,intransitive
casar,transitive
castigar,transitive
catalogar,transitive
catapultar,transitive
causar,ditransitive,transitive
cautivar,transitive
cazar,transitive
cebar,intransitive
ceder,ditransitive,intransitive
cegar,transitive
celebrar,transitive
cenar,intransitive
ceñir,transitive
censar,transitive
censurar,transitive
centralizar,transitive
centrar,transitive,intransitive
cepillar,transitive
cercar,transitive
cercenar,transitive
cernir,intransitive
cerrar,transitive,intransitive
cerrar_en_banda,intransitive
certificar,transitive
cesar,intransitive,transitive
chapuzar,transitive
charlar,intransitive
charlotear,intransitive
chasquear,transitive
chequear,intransitive
chillar,intransitive
chirriar,intransitive
chisporrotear,intransitive
chocar,intransitive
chupar,transitive
cifrar,transitive
cimentar,transitive
circular,intransitive
circundar,transitive
circunscribir,transitive
ciscar,intransitive
citar,transitive,intransitive
civilizar,transitive
clamar,transitive
clarificar,transitive
clasificar,transitive,intransitive
claudicar,intransitive
clausurar,transitive
clavar,transitive
clonar,transitive
coaccionar,transitive
coaligarse,intransitive
cobijar,transitive,intransitive
cobrar,transitive
cocer,intransitive
cocinar,transitive
codear,intransitive
codiciar,transitive
codificar,transitive
coescribir,transitive
coexistir,intransitive
coger,transitive
cohabitar,intransitive
cohesionar,transitive
coincidir,intransitive
cojear,intransitive
colaborar,intransitive
colapsar,transitive
colar,transitive
coleccionar,transitive
colectar,transitive
colectivizar,transitive
colegir,transitive
colgar,transitive
colisionar,intransitive
colmar,transitive
colocar,ditransitive,transitive
colonizar,transitive
columbrar,transitive
comandar,transitive
combatir,transitive
combinar,transitive
comedir,intransitive
comentar,ditransitive
comenzar,intransitive,transitive
comer,transitive
comercializar,transitive
comerciar,transitive
cometer,transitive
compadecer,transitive
compaginar,transitive
comparar,transitive
comparecer,intransitive
compartir,transitive
compatibilizar,transitive
compensar,intransitive,transitive
competir,intransitive
complacer,transitive
complementar,transitive
completar,transitive
complicar,transitive
componer,transitive,intransitive
comportar,transitive,intransitive
comprar,transitive
comprender,transitive
comprimir,transitive
comprobar,transitive
comprometer,intransitive,transitive
computar,transitive
comulgar,intransitive
comunicar,ditransitive,transitive,intransitive
concebir,transitive
conceder,ditransitive,transitive
concentrar,intransitive,transitive
conceptualizar,transitive
concertar,transitive
concienciar,transitive
conciliar,transitive
concluir,transitive,intransitive
concretar,transitive,intransitive
concurrir,intransitive
condecorar,transitive
condenar,transitive
condensar,transitive
condicionar,transitive
condimentar,transitive
conducir,intransitive,transitive
conectar,intransitive,transitive
confeccionar,transitive
conferenciar,intransitive
conferir,ditransitive
confesar,ditransitive,transitive
confiar,intransitive,ditransitive
configurar,transitive,intransitive
confinar,transitive
confirmar,transitive
confiscar,ditransitive
confluir,intransitive
conformar,intransitive,transitive
confortar,transitive
confrontar,transitive
confundir,transitive,intransitive
congelar,transitive
congraciar,transitive
congratular,transitive,intransitive
congregar,intransitive,transitive
conjugar,transitive
conjuntar,transitive
conjurar,transitive
conllevar,transitive,intransitive
conmemorar,transitive
conminar,transitive
conmocionar,transitive
conmover,transitive
conocer,transitive
conquistar,transitive
consagrar,transitive
conseguir,transitive
consensuar,transitive
consentir,transitive
conservar,transitive
considerar,transitive
consignar,transitive
consistir,intransitive
consolar,transitive
consolidar,transitive
conspirar,intransitive
constar,intransitive,ditransitive
constatar,transitive
constituir,transitive,intransitive
constreñir,transitive
construir,transitive
consultar,ditransitive,transitive
consumar,transitive
consumir,transitive,intransitive
contabilizar,transitive
contactar,transitive,intransitive
contagiar,transitive
contaminar,transitive
contar,transitive,intransitive
contemplar,transitive
contener,transitive,intransitive
contentar,transitive
contestar,transitive
continuar,intransitive,transitive
contorsionarse,intransitive
contraatacar,transitive
contradecir,transitive
contraer,transitive
contraindicar,transitive
contraponer,transitive
contrarrestar,transitive
contrastar,intransitive,transitive
contratar,transitive
contravenir,transitive
contribuir,intransitive
controlar,transitive
controvertir,transitive
convalidar,transitive
convencer,transitive
convenir,intransitive
converger,intransitive
conversar,intransitive
convertir,transitive,intransitive
convivir,intransitive
convocar,transitive
convulsionar,transitive
cooperar,intransitive
coordinar,transitive
copar,transitive
copiar,transitive
copresentar,transitive
copresidir,transitive
coproducir,transitive
copular,intransitive
coquetear,intransitive
corear,transitive
coreografiar,transitive
coronar,transitive,intransitive
corregir,transitive
correr,intransitive,transitive
corresponder,intransitive,transitive
corroborar,transitive
corroer,transitive
corromper,transitive
cortar,transitive,intransitive
cortejar,transitive
cosechar,transitive
coser,transitive
costar,ditransitive,transitive
costear,transitive
cotizar,intransitive,transitive
crear,transitive
crecer,intransitive,transitive
creer,transitive,intransitive
crepitar,intransitive
criar,transitive
criminalizar,transitive
crispar,transitive,intransitive
cristalizar,intransitive
criticar,transitive
crucificar,transitive
crujir,intransitive
cruzar,intransitive,transitive
cuadrar,transitive
cuajar,intransitive,transitive
cualificar,transitive
cuantificar,transitive
cubrir,transitive
cuestionar,transitive
cuidar,transitive,intransitive
culebrear,intransitive
culminar,transitive,intransitive
culpar,transitive
cultivar,transitive
cumplimentar,transitive
cumplir,transitive,intransitive
cunar,transitive
cundir,intransitive
curar,transitive
curiosear,intransitive
currar,intransitive
cursar,transitive
curtir,transitive
custodiar,transitive
dañar,transitive
dar,ditransitive,transitive,intransitive
dar_a_conocer,ditransitive
dar_a_luz,transitive
dar_caza,transitive
dar_comienzo,intransitive
dar_crédito,intransitive
dar_cuenta,intransitive
dar_derecho,intransitive
dar_que_pensar,intransitive
datar,intransitive
deambular,intransitive
debatir,intransitive,transitive
deber,intransitive,ditransitive
debilitar,transitive
debutar,intransitive
decaer,intransitive
decantar,intransitive
decapitar,transitive
decepcionar,transitive
decidir,transitive,intransitive
decir,ditransitive
declarar,ditransitive,intransitive,transitive
declinar,transitive
decomisar,transitive
decorar,transitive
decretar,transitive
dedicar,intransitive,transitive,ditransitive
deducir,transitive
defender,transitive,intransitive
definir,transitive
deformar,transitive
defraudar,transitive,ditransitive
degenerar,intransitive
degollar,transitive
degradar,transitive
degustar,transitive
dejar,intransitive,transitive,ditransitive
dejarse_arrastrar,intransitive
dejarse_llevar,intransitive
dejarse_ver,intransitive
dejar_ir,transitive
delatar,transitive
delegar,transitive
deleitar,transitive
deletrear,transitive
deliberar,transitive
delimitar,transitive
delinquir,intransitive
delirar,intransitive
demandar,ditransitive,transitive
demarcar,transitive
democratizar,transitive
demoler,transitive
demonizar,transitive
demorar,intransitive,transitive
demostrar,transitive
denegar,ditransitive
denominar,transitive
denostar,transitive
denunciar,transitive
deparar,transitive
depender,intransitive
deplorar,transitive
deponer,transitive
deportar,transitive
depositar,transitive
depreciar,transitive
depredar,transitive
deprimir,transitive
depurar,transitive
derivar,intransitive,transitive
derogar,transitive
derramar,transitive
derrapar,intransitive
derretir,transitive
derribar,transitive
derrocar,transitive
derrochar,intransitive,transitive
derrotar,transitive
derrumbar,transitive
desacelerar,transitive
desaconsejar,transitive
desacordar,transitive
desacreditar,transitive
desactivar,transitive
desafiar,transitive
desahogar,intransitive
desahuciar,transitive
desajustar,transitive
desalentar,transitive
desalojar,transitive
desamparar,transitive
desandar,transitive
desangrar,transitive
desanimar,transitive
desaparecer,intransitive,transitive
desaprender,transitive
desaprobar,transitive
desaprovechar,transitive
desarmar,transitive
desarrollar,intransitive,transitive
desarticular,transitive
desasosegar,transitive
desatar,transitive
desatinar,intransitive
desautorizar,transitive
desavenir,transitive
desayunar,intransitive
desbancar,transitive
desbaratar,transitive
desbloquear,transitive
desbordar,transitive
desbrozar,transitive
descabalgar,transitive
descalificar,transitive
descansar,intransitive
descargar,transitive
descarrilar,intransitive
descartar,transitive
descender,transitive,intransitive
descentralizar,transitive
descifrar,transitive
descolgar,intransitive,transitive
descollar,intransitive
descolocar,transitive
descomponer,transitive
desconcertar,transitive
desconectar,transitive
desconfiar,intransitive
desconocer,transitive
desconsiderar,transitive
descontaminar,transitive
descontar,transitive
desconvocar,transitive
descorchar,transitive
descoyuntar,transitive
describir,transitive
descubrir,transitive
descuidar,intransitive
desdecir,intransitive
desdoblar,transitive
desdramatizar,transitive
desear,transitive
desechar,transitive
desembarcar,intransitive
desembocar,intransitive
desembolsar,transitive
desempacar,transitive
desempatar,transitive
desempeñar,transitive
desempolvar,transitive
desencadenar,ditransitive
desencantar,transitive
desenfocar,transitive
desenlazar,intransitive
desentender,intransitive
desenterrar,transitive
desentonar,intransitive
desenvolver,intransitive
desertar,intransitive
desertizar,transitive
desesperar,transitive
desestabilizar,transitive
desestimar,transitive
desfasar,transitive
desfavorecer,transitive
desfigurar,transitive
desfilar,intransitive
desgajar,transitive
desgañitarse,intransitive
desgarrar,transitive
desgastar,intransitive
desglosar,transitive
desgraciar,transitive
desgranar,transitive
desgravar,transitive
deshacer,transitive,intransitive
desheredar,transitive
designar,transitive
desilusionar,transitive
desinfectar,transitive
desinformar,transitive
desintegrar,transitive
desinvertir,transitive
desistir,intransitive
deslegitimar,transitive
deslindar,transitive
deslizar,intransitive
deslocalizar,transitive
deslumbrar,intransitive
desmantelar,transitive
desmarcar,intransitive
desmayar,intransitive
desmentir,transitive
desmenuzar,transitive
desmitificar,transitive
desmontar,ditransitive
desmoralizar,transitive
desmoronar,transitive
desmovilizar,intransitive
desnudar,transitive
desobedecer,transitive
desocupar,transitive
desoír,transitive
desolar,transitive
desorbitar,transitive
desorganizar,transitive
desorientar,transitive
despachar,intransitive,transitive
desparramar,transitive
despedir,transitive,intransitive
despegar,intransitive,transitive
despejar,transitive
despenalizar,transitive
despeñar,transitive
desperdiciar,transitive
desperdigar,transitive
despertar,transitive,intransitive
despilfarrar,transitive
despistar,transitive
desplantar,transitive
desplazar,intransitive,transitive
desplegar,transitive
desplomar,intransitive
despoblar,transitive
despojar,transitive
despotricar,intransitive
despreciar,transitive
desprender,transitive,intransitive
desprestigiar,transitive
desproveer,transitive
despuntar,intransitive
desquitar,intransitive
destacar,transitive,intransitive
destapar,transitive
destellar,intransitive
destetar,transitive
destilar,transitive
destinar,transitive
destituir,transitive
destrozar,transitive
destruir,transitive
desunir,transitive
desvanecer,transitive
desvelar,transitive
desvestir,intransitive
desviar,transitive
desvincular,transitive
desvirgar,transitive
desvirtuar,transitive
detallar,transitive
detectar,transitive
detener,transitive,intransitive
detentar,transitive
deteriorar,transitive
determinar,transitive
detestar,transitive
detonar,transitive
devaluar,transitive
devastar,transitive
devenir,intransitive
devolver,ditransitive
devorar,transitive
diagnosticar,transitive
dialogar,intransitive
dibujar,transitive
dictaminar,transitive
dictar,transitive
diezmar,transitive
difamar,transitive
diferenciar,transitive,intransitive
diferir,intransitive
dificultar,transitive
difuminar,transitive
difundir,transitive
digerir,intransitive
dignificar,transitive
dilapidar,transitive
dilatar,transitive
diligenciar,transitive
dilucidar,transitive
diluir,transitive
dimensionar,transitive
dimitir,intransitive
dinamitar,transitive
dinamizar,transitive
dirigir,transitive,ditransitive,intransitive
dirimir,transitive
discernir,transitive
disciplinar,transitive
discrepar,intransitive
discriminar,transitive
disculpar,transitive
discurrir,intransitive
discutir,transitive,intransitive
diseminar,transitive
diseñar,transitive
disentir,intransitive
disfrazar,transitive
disfrutar,intransitive,transitive
disimular,transitive
disipar,transitive
disminuir,transitive
disolver,transitive
disparar,transitive,intransitive
dispensar,transitive
dispersar,transitive
disponer,intransitive,transitive
disputar,transitive
distanciar,transitive,intransitive
distar,intransitive
distender,transitive
distinguir,transitive
distorsionar,transitive
distraer,transitive
distribuir,transitive
divagar,intransitive
divergir,intransitive
diversificar,transitive
divertir,transitive
dividir,transitive
divorciar,transitive
divulgar,transitive
doblar,transitive
doblegar,transitive
documentar,transitive
dolarizar,transitive
domar,transitive
domeñar,transitive
domesticar,transitive
dominar,transitive
donar,transitive
dopar,transitive
dormir,intransitive,transitive
dosificar,transitive
dotar,transitive
dragar,transitive
driblar,transitive
drogar,transitive
dudar,intransitive
dulcificar,transitive
duplicar,transitive
durar,transitive
echar,intransitive,transitive
echar_al_monte,intransitive
echar_de_menos,transitive
echar_en_cara,ditransitive
echar_en_falta,transitive
echar_mano,intransitive
echar_por_tierra,transitive
eclipsar,transitive
eclosionar,intransitive
edificar,transitive
editar,transitive
educar,transitive
efectuar,transitive
efundir,transitive
ejecutar,transitive
ejemplificar,transitive
ejercer,transitive,intransitive
ejercitar,intransitive
elaborar,transitive
elegir,transitive
elevar,transitive
eliminar,transitive
elogiar,transitive
eludir,transitive
emancipar,transitive
embadurnar,transitive
embalar,transitive
embalsar,transitive
embarazar,transitive
embarcar,intransitive
embargar,ditransitive
embatirse,intransitive
embelesar,transitive
embestir,transitive
embocar,transitive
embolsar,transitive
emboscar,transitive
embrutecer,transitive
embutir,transitive
emerger,intransitive
emigrar,intransitive
emitir,transitive
emocionar,transitive
empacar,transitive
empanar,transitive
empañar,transitive
empantanar,transitive
empapar,transitive
empaquetar,transitive
emparejar,transitive
emparentar,transitive
empatar,transitive
empellar,transitive
empeñar,intransitive
empeorar,transitive
empezar,intransitive,transitive
empingorotar,transitive
emplazar,transitive
emplear,transitive,intransitive
emprender,transitive
empujar,transitive
empuñar,transitive
emular,transitive
enajenar,transitive
enaltecer,transitive
enamorar,transitive
enarbolar,transitive
encabezar,transitive
encadenar,transitive
encajar,transitive,intransitive
encajonar,transitive
encaminar,intransitive,transitive
encandilar,transitive
encapuchar,transitive
encaramar,intransitive
encarar,transitive
encarcelar,transitive
encarecer,transitive
encargar,intransitive,transitive,ditransitive
encarnar,transitive,intransitive
encarnizar,transitive
encarrilar,transitive
encasillar,transitive
encausar,transitive
encauzar,transitive
encender,transitive
encerrar,transitive
encestar,transitive
encharcar,transitive
enchufar,transitive
enclavar,intransitive
encoger,intransitive
encomendar,ditransitive
enconar,transitive
encontrar,transitive,intransitive
encontrar_a_faltar,transitive
encorsetar,transitive
encuadrar,intransitive
encubrir,transitive
encuestar,transitive
enderezar,transitive
endeudarse,intransitive
endosar,ditransitive
endurecer,transitive
enfadar,transitive
enfatizar,transitive
enfilar,transitive
enfocar,transitive
enfrentar,intransitive,transitive
enfriar,transitive
engañar,transitive
enganchar,intransitive,transitive
engendrar,transitive
englobar,transitive
engordar,intransitive
engranar,intransitive
engrandecer,transitive
engrosar,transitive
enguarrar,transitive
enjaular,transitive
enjuagar,transitive
enjugar,transitive
enjuiciar,transitive
enlazar,intransitive,transitive
enmarcar,transitive
enmascarar,transitive
enmendar,transitive
enmudecer,intransitive
ennoblecer,transitive
enorgullecer,ditransitive
enrabietar,transitive
enrarecer,intransitive
enredar,transitive
enriquecer,transitive
enrocar,intransitive
enrolar,transitive
enrollar,transitive
ensalzar,transitive
ensamblar,transitive
ensañar,intransitive
ensanchar,intransitive,transitive
ensangrentar,transitive
ensartar,transitive
ensayar,transitive
enseñar,ditransitive
ensimismar,transitive
ensombrecer,transitive
ensoñar,intransitive
ensuciar,transitive
entablar,transitive
entender,transitive,intransitive
enterar,intransitive
enterrar,transitive
entonar,transitive
entornar,transitive
entorpecer,transitive
entramar,transitive
entrañar,transitive
entrar,intransitive
entreabrir,transitive
entrechocar,intransitive
entregar,ditransitive,intransitive
entremezclar,transitive
entrenar,transitive
entretener,transitive,intransitive
entrever,transitive
entreverar,intransitive
entrevistar,intransitive,transitive
entristecer,transitive
entrometer,transitive,intransitive
entroncar,intransitive
entronizar,transitive
enturbiar,transitive
entusiasmar,transitive
enumerar,transitive
enunciar,transitive
envalentonar,transitive
envasar,transitive
envejecer,intransitive
envenenar,transitive
enviar,ditransitive
envidar,transitive
envidiar,transitive
envilecer,transitive
envolver,transitive
enyesar,transitive
enzarzar,intransitive
equilibrar,transitive
equipar,transitive
equiparar,transitive
equivaler,intransitive
equivocar,intransitive
erguir,intransitive
erigir,intransitive
erosionar,transitive
erradicar,transitive
errar,intransitive
erupcionar,transitive
esbozar,transitive
escalar,transitive
escamotear,transitive
escandalizar,transitive
escapar,intransitive,transitive,ditransitive
escarmentar,transitive
escasear,intransitive
escatimar,intransitive
escayolar,transitive
escenificar,transitive
escindir,transitive
esclarecer,transitive
esclavizar,transitive
escoger,transitive
escolarizar,transitive
escoltar,transitive
esconder,intransitive,transitive
escorzar,transitive
escribir,transitive
escrutar,transitive
escuchar,transitive
escudriñar,transitive
escupir,transitive,intransitive
escurrir,intransitive
esforzar,intransitive
esfumar,intransitive
esgrimir,transitive
esmaltar,transitive
espantar,transitive
esparcir,transitive
especializar,intransitive
especificar,transitive
especular,intransitive
esperar,transitive,intransitive
espetar,ditransitive
espiar,transitive
espolear,transitive
esponjar,transitive
esposar,transitive
esquiar,intransitive
esquilmar,transitive
esquivar,transitive
estabilizar,transitive
establecer,transitive,intransitive
estacionar,transitive
estafar,transitive
estallar,intransitive
estampar,transitive
estancar,transitive
estandarizar,transitive
estar,intransitive
estar_al_caer,intransitive
estar_de_acuerdo,intransitive
estar_en_contacto,intransitive
estar_por_ver,intransitive
esterilizar,transitive
estibar,transitive
estimar,transitive
estimular,transitive
estipular,transitive
estirajar,transitive
estirar,transitive
estorbar,transitive
estrangular,transitive
estrechar,transitive
estrellar,transitive
estrenar,transitive,intransitive
estribar,intransitive
estropear,transitive
estructurar,transitive
estudiar,transitive
evacuar,transitive
evadir,transitive,intransitive
evaluar,transitive
evidenciar,transitive
evitar,transitive
evocar,transitive
evolucionar,intransitive
exagerar,transitive
exaltar,transitive,intransitive
examinar,transitive
excavar,transitive
exceder,intransitive,transitive
exceptuar,transitive
excitar,transitive
exclamar,transitive
excluir,transitive
excomulgar,transitive
exculpar,transitive
excusar,transitive
exhalar,transitive
exhibir,transitive
exhortar,transitive
exigir,ditransitive
exiliar,intransitive
eximir,transitive
existir,intransitive
expandir,transitive
expansionar,transitive
expedientar,transitive
expeler,transitive
expender,transitive
experimentar,transitive,intransitive
expirar,intransitive
explayar,intransitive
explicar,ditransitive
explorar,transitive
explosionar,intransitive
explotar,intransitive,transitive
expoliar,transitive
exponer,transitive,ditransitive
exportar,transitive
expresar,ditransitive,intransitive
expropiar,transitive
expulsar,transitive
extender,intransitive,transitive
extenuar,transitive
exteriorizar,transitive
exterminar,transitive
externalizar,transitive
extinguir,transitive,intransitive
extirpar,transitive
extorsionar,transitive
extractar,transitive
extraditar,transitive
extraer,transitive
extrapolar,transitive
extraviar,transitive
extremar,transitive
fabricar,transitive
facilitar,ditransitive
facturar,transitive
facultar,transitive
faenar,intransitive
fajar,transitive
fallar,transitive,intransitive
fallecer,intransitive
falsear,transitive
falsificar,transitive
faltar,intransitive
familiarizar,transitive
fardar,intransitive
fascinar,transitive
fastidiar,transitive
fatigar,transitive
favorecer,transitive
federar,transitive
felicitar,transitive,intransitive
festejar,transitive
fiar,intransitive,ditransitive
fichar,transitive
figurar,intransitive
fijar,intransitive,transitive
filmar,transitive
filtrar,transitive,intransitive
finalizar,transitive,intransitive
financiar,transitive
fingir,transitive
finiquitar,transitive
firmar,transitive,intransitive
fiscalizar,transitive
flagelar,transitive
fletar,transitive
flexibilizar,transitive
flexionar,transitive
florecer,intransitive
flotar,intransitive
fluctuar,intransitive
fluir,intransitive
fomentar,transitive
forcejear,intransitive
forjar,transitive
formalizar,transitive
formar,transitive
formar_parte,intransitive
formular,transitive
fornicar,intransitive
fortalecer,transitive
forzar,transitive,ditransitive
fotografiar,transitive
fracasar,intransitive,transitive
fracturar,transitive
fragmentar,transitive
fraguar,transitive
frecuentar,transitive,intransitive
fregar,transitive
freír,transitive
frenar,transitive
frotar,transitive
fructificar,intransitive
fruncir,transitive
frustrar,transitive
fugarse,intransitive
fulminar,transitive
fumar,transitive
funcionar,intransitive
fundamentar,transitive
fundar,transitive
fundir,transitive
fusilar,transitive
fusionar,transitive
galardonar,transitive
gallear,intransitive
galopar,intransitive
ganar,transitive,intransitive
garabatear,transitive
garantizar,transitive
gastar,transitive
gemir,intransitive
generalizar,transitive
generar,transitive
gestar,intransitive
gestionar,transitive
girar,intransitive,transitive
globalizar,transitive
glorificar,transitive
gobernar,transitive
golear,transitive
golpear,transitive
gotear,intransitive
gozar,intransitive,transitive
grabar,transitive
graduar,transitive
granjear,transitive
gravar,transitive
gravitar,intransitive
gritar,intransitive,ditransitive
guardar,transitive
guarnir,transitive
guiar,transitive
guiñar,ditransitive
guisar,transitive
gustar,transitive,intransitive
haber,transitive
habilitar,transitive
habitar,intransitive,transitive
habituar,transitive
hablar,intransitive,transitive
hacer,transitive,intransitive,ditransitive
hacer_acto_de_presencia,intransitive
hacer_alusión,intransitive
hacer_añicos,transitive
hacer_cargo,intransitive
hacer_falta,intransitive
hacer_frente,intransitive
hacer_gala,intransitive
hacer_hincapié,intransitive
hacer_mención,intransitive
hacer_referencia,intransitive
hacer_uso,intransitive
hacinar,intransitive
halagar,transitive
hallar,transitive,intransitive
hartar,transitive
helar,intransitive
heredar,transitive
herir,transitive
hidratar,transitive
hincar,ditransitive
hinchar,intransitive,transitive
hipnotizar,transitive
hipotecar,transitive
hojear,transitive
hollar,transitive
homenajear,transitive
homologar,transitive
honrar,transitive
horadar,transitive
hospedar,intransitive
hospitalizar,transitive
hostigar,transitive
huir,intransitive
humanizar,transitive
humillar,transitive
hundir,intransitive,transitive
hurgar,intransitive
idealizar,transitive
idear,transitive
identificar,transitive
ignorar,transitive
igualar,transitive
ilegalizar,transitive
iluminar,transitive
ilusionar,transitive
ilustrar,transitive
imaginar,transitive
imbuir,transitive
imitar,transitive
impactar,intransitive
impartir,transitive
impedir,transitive,intransitive
imperar,intransitive
implantar,transitive
implementar,transitive
implicar,transitive
implorar,transitive
imponer,ditransitive,transitive,intransitive
importar,transitive
imposibilitar,transitive
impregnar,transitive
impresionar,transitive
imprimir,transitive
improvisar,transitive
impugnar,transitive
impulsar,transitive
imputar,transitive
inaugurar,transitive
incapacitar,transitive
incautar,ditransitive,intransitive
incendiar,transitive
incentivar,transitive
incidir,intransitive
incinerar,transitive
incitar,transitive
inclinar,transitive,intransitive
incluir,transitive
incoar,transitive
incomodar,transitive
incorporar,transitive
incrementar,transitive
increpar,transitive
incrustar,transitive
incubar,transitive
inculcar,ditransitive
incumplir,intransitive,transitive
incurrir,intransitive
indagar,transitive
indemnizar,transitive
independizar,transitive
indexar,transitive
indicar,ditransitive
indignar,transitive
individualizar,transitive
inducir,transitive
indultar,transitive
industrializar,transitive
infectar,transitive
inferir,transitive
infiltrar,transitive
inflamar,intransitive
inflar,transitive
infligir,ditransitive
influenciar,transitive
influir,intransitive,transitive
informar,transitive
informatizar,transitive
infringir,transitive
ingerir,transitive
ingresar,intransitive,transitive
inhabilitar,transitive
inhalar,transitive
inhibir,transitive
iniciar,transitive,intransitive
injerir,intransitive
inmigrar,intransitive
inmolar,transitive
inmovilizar,transitive
inmunizar,transitive
inmutar,intransitive
innovar,intransitive
inquietar,transitive
inquirir,ditransitive
inscribir,transitive,intransitive
insertar,transitive
insinuar,intransitive,ditransitive
insistir,intransitive,transitive
insonorizar,transitive
inspeccionar,transitive
inspirar,transitive,intransitive
instalar,transitive,intransitive
instar,transitive
instaurar,transitive
instigar,transitive
institucionalizar,transitive
instituir,transitive
instruir,transitive
instrumentar,transitive
insultar,transitive
insurgir,intransitive
integrar,transitive,intransitive
intensificar,transitive
intentar,transitive
interaccionar,intransitive
intercalar,transitive
intercambiar,transitive
interceptar,transitive
interconectar,transitive
interesar,intransitive
interferir,intransitive,transitive
interiorizar,transitive
intermediar,transitive
internacionalizar,transitive
internar,intransitive,transitive
interpelar,transitive
interponer,transitive
interpretar,transitive
interrelacionar,transitive
interrogar,transitive
interrumpir,transitive,intransitive
intervenir,intransitive,transitive
intimidar,transitive
intoxicar,transitive
intrigar,transitive
introducir,transitive,intransitive
intuir,transitive
inundar,transitive
invadir,transitive
invalidar,transitive
inventar,transitive
invertir,transitive
investigar,transitive,intransitive
investir,transitive
invitar,transitive
invocar,transitive
involucrar,transitive
inyectar,transitive
ionizar,transitive
ir,intransitive
ironizar,intransitive
irradiar,transitive
irritar,transitive
irrumpir,intransitive
ir_a_parar,intransitive
izar,transitive
jactar,intransitive
jadear,intransitive
jalear,transitive
jalonar,transitive
jubilar,transitive
jugar,intransitive,transitive
jurar,transitive
justificar,transitive
juzgar,transitive
lactar,transitive
ladrar,intransitive
lamentar,transitive,intransitive
lamer,transitive
lanzar,transitive,intransitive
lanzar_las_campanas_al_vuelo,intransitive
largar,transitive
lastimar,transitive
lavar,transitive
leer,transitive,intransitive
legalizar,transitive
legar,transitive
legislar,intransitive
legitimar,transitive
lesionar,transitive
levantar,transitive,intransitive
levitar,intransitive
liar,intransitive
liberalizar,transitive
liberar,transitive
librar,transitive
licenciar,transitive
licitar,transitive
liderar,transitive
lidiar,intransitive
ligar,intransitive,transitive
limar,transitive
limitar,transitive,intransitive
limpiar,ditransitive
linchar,transitive
lindar,intransitive
liquidar,transitive
llamar,intransitive,transitive
llegar,intransitive
llenar,transitive
llevar,transitive,intransitive
llevar_a_cabo,transitive
llevar_a_efecto,transitive
llevar_a_la_práctica,transitive
llevar_camino,intransitive
llevar_el_gato_al_agua,intransitive
llorar,intransitive
llover,intransitive,ditransitive
localizar,transitive
lograr,transitive
luchar,intransitive
lucir,transitive,intransitive
lucubrar,transitive
machacar,transitive
madurar,intransitive
magnificar,transitive
maldecir,transitive
malgastar,transitive
malograr,transitive
malpagar,ditransitive
maltratar,transitive
malversar,transitive
malvivir,intransitive
manar,transitive
manchar,transitive
mancillar,transitive
mandar,transitive,ditransitive
mandatar,transitive
manejar,transitive
manifestar,ditransitive,intransitive
maniobrar,intransitive
manipular,transitive
manosear,transitive
mantener,transitive,intransitive
maquillar,transitive
marcar,transitive
marchar,intransitive
marchitar,intransitive
marear,transitive
marginar,transitive
marrar,intransitive
martillear,transitive
martirizar,transitive
masacrar,transitive
mascullar,transitive
masificar,transitive
masturbar,transitive
matar,transitive
matar_dos_pájaros_de_un_tiro,intransitive
materializar,transitive
matizar,transitive
matricular,transitive
maximizar,transitive
mecanizar,transitive
mediar,intransitive,transitive
medir,transitive,intransitive
meditar,intransitive,transitive
mejorar,transitive
memorizar,transitive
mencionar,transitive
menguar,intransitive
menoscabar,transitive
menospreciar,transitive
mentalizar,intransitive
mentar,transitive
mentir,transitive
mercadear,intransitive
merecer,transitive
mermar,transitive
merodear,intransitive,transitive
meter,transitive,intransitive,ditransitive
mezclar,transitive
migrar,intransitive
militar,intransitive
militarizar,transitive
mimetizar,intransitive
minar,transitive
minimizar,transitive
minusvalorar,transitive
mirar,transitive,intransitive
mistificar,transitive
mitigar,transitive
moderar,transitive
modernizar,transitive
modificar,transitive
modular,transitive
mofarse,intransitive
mojar,transitive
moldear,transitive
moler,transitive
molestar,intransitive,transitive
monopolizar,transitive
montar,transitive,intransitive
moralizar,transitive
morar,intransitive
morder,transitive
mordiscar,transitive
morir,intransitive,transitive
mortificar,transitive
mostrar,intransitive,ditransitive,transitive
motivar,transitive
mover,intransitive,transitive
movilizar,intransitive,transitive
mudar,transitive,intransitive
multar,transitive
multiplicar,intransitive,transitive
mundializar,transitive
murmullar,intransitive
murmurar,transitive
musitar,transitive
mutilar,transitive
nacionalizar,transitive
nadar,intransitive
narrar,ditransitive
naufragar,intransitive
navegar,intransitive
necesitar,transitive,intransitive
negar,transitive,intransitive
negligir,transitive
negociar,transitive
neutralizar,transitive
nevar,intransitive
nivelar,transitive
nombrar,transitive
nominar,transitive
noquear,transitive
normalizar,transitive
notar,transitive,intransitive
notificar,ditransitive
novelar,intransitive
nutrir,transitive
obcecar,intransitive
obedecer,transitive,intransitive
objetar,transitive
obligar,transitive
obrar,intransitive,transitive
obsequiar,ditransitive
observar,transitive
obsesionar,transitive
obstaculizar,transitive
obstruir,transitive
obtener,transitive
ocasionar,transitive
ocultar,ditransitive
ocupar,transitive,intransitive,ditransitive
odiar,transitive
ofender,transitive
ofertar,transitive
oficializar,transitive
oficiar,transitive
ofrecer,ditransitive,transitive,intransitive
oír,intransitive,transitive
olear,intransitive
oler,transitive,intransitive
olvidar,intransitive,transitive
omitir,transitive
ondear,intransitive
operar,intransitive,transitive
opinar,transitive
oponer,intransitive,transitive
oprimir,transitive
optar,intransitive
optimizar,transitive
orbitar,intransitive
ordenar,ditransitive,transitive
organizar,transitive
orientar,transitive
originar,transitive,intransitive
orillar,transitive
orinar,intransitive
ornamentar,transitive
orquestar,transitive
oscilar,intransitive
oscurecer,transitive
ostentar,transitive
otear,transitive
otorgar,ditransitive
ovacionar,transitive
oxidar,transitive
pacificar,transitive
pactar,transitive
padecer,transitive,intransitive
pagar,ditransitive,transitive
paladear,transitive
paliar,transitive
palpar,transitive
paralizar,transitive
parapetar,transitive
parar,transitive,intransitive,ditransitive
parasitar,transitive
parecer,intransitive
parir,transitive
parlamentar,transitive
parodiar,transitive
parpadear,intransitive
participar,intransitive,transitive
partir,intransitive
pasar,intransitive,ditransitive,transitive
pasear,intransitive,transitive
pastar,intransitive
pastorear,transitive
patalear,intransitive
patentar,transitive
patinar,intransitive
patrocinar,transitive
patrullar,transitive
pautar,transitive
peatonalizar,transitive
pecar,intransitive
pedalear,intransitive
pedir,ditransitive
pegar,transitive
peinar,transitive
pelar,transitive
pelear,intransitive,transitive
peligrar,intransitive
penalizar,transitive
pender,intransitive
penetrar,intransitive
pensar,transitive,intransitive
percatar,intransitive
percibir,transitive
percutir,transitive
perder,transitive,ditransitive,intransitive
perdonar,transitive,ditransitive
perdurar,intransitive
perecer,intransitive
peregrinar,intransitive
perfeccionar,transitive
perfilar,transitive
perforar,transitive
perfundir,transitive
perjudicar,transitive
perlar,transitive
permanecer,intransitive
permitir,transitive,ditransitive
pernoctar,intransitive
perpetrar,transitive
perpetuar,transitive
perseguir,transitive
perseverar,intransitive
persistir,intransitive
personalizar,transitive
personarse,intransitive
personificar,transitive
persuadir,transitive
pertenecer,intransitive
pertrechar,transitive
perturbar,transitive
pervertir,transitive
pervivir,intransitive
pesar,transitive,ditransitive
pescar,transitive
pestañear,intransitive
picar,transitive
pifiar,transitive
pigmentar,intransitive
pillar,transitive
pilotar,transitive
pinchar,intransitive,transitive
pintar,transitive,intransitive
piratear,transitive
pirrarse,intransitive
pisar,transitive,ditransitive
pisotear,transitive
pitar,intransitive,ditransitive
plagar,transitive
plagiar,transitive
planchar,transitive
planear,intransitive,transitive
planificar,transitive
plantar,transitive,intransitive
plantear,transitive
plasmar,transitive
plegar,intransitive
poblar,transitive
poder,transitive,intransitive
polarizar,transitive
polemizar,intransitive
polimerizar,intransitive
polinizar,transitive
polucionar,transitive
ponchar,transitive
ponderar,transitive
poner,transitive,ditransitive,intransitive
poner_de_manifiesto,transitive
poner_de_relieve,transitive
poner_el_grito_en_el_cielo,intransitive
poner_en_acción,transitive
poner_en_cuestión,transitive
poner_en_duda,transitive
poner_en_funcionamiento,transitive
poner_en_marcha,transitive
poner_en_práctica,transitive
poner_en_tela_de_juicio,transitive
poner_fin,intransitive
pontificar,intransitive
popularizar,transitive
portar,intransitive,transitive
portear,transitive
posar,intransitive
poseer,transitive
posibilitar,transitive
posicionar,transitive
posponer,transitive
postergar,transitive
postular,transitive
potenciar,transitive
practicar,transitive
preceder,transitive
preciar,intransitive,transitive
precintar,transitive
precipitar,intransitive,transitive
precisar,transitive,intransitive
preconcebir,transitive
predecir,transitive
predestinar,ditransitive
predicar,transitive
predisponer,transitive
prefabricar,transitive
preferir,transitive
prefigurar,transitive
pregonar,transitive
preguntar,ditransitive,transitive
preinscribir,transitive
prejubilar,transitive
prejuzgar,transitive
preludiar,transitive
premiar,transitive
prender,ditransitive,transitive
preocupar,transitive
preparar,transitive,intransitive
preponderar,intransitive
presagiar,transitive
prescindir,intransitive
prescribir,transitive,intransitive
presenciar,transitive
presentar,ditransitive,transitive,intransitive
preservar,transitive
presidir,transitive
presionar,transitive
prestar,intransitive,ditransitive,transitive
prestigiar,transitive
presumir,intransitive
presuponer,transitive
presupuestar,transitive
pretender,transitive
prevalecer,intransitive
prevaler,intransitive
prevenir,transitive
prever,transitive
primar,intransitive,transitive
priorizar,transitive
privar,intransitive,transitive
privatizar,transitive
privilegiar,transitive
probar,transitive
proceder,intransitive
procesar,transitive
proclamar,transitive
procurar,transitive
prodigar,transitive
producir,transitive,intransitive
proferir,transitive
profesar,transitive
profesionalizar,transitive
profetizar,transitive
profundizar,intransitive
programar,transitive
progresar,intransitive
prohibir,ditransitive
proliferar,intransitive
prologar,transitive
prolongar,transitive
prometer,transitive
promocionar,transitive
promover,transitive
promulgar,transitive
pronosticar,transitive
pronunciar,transitive,intransitive
propagar,intransitive
propender,intransitive
propiciar,transitive
propinar,ditransitive
proponer,ditransitive
proporcionar,ditransitive
propugnar,transitive
propulsar,transitive
proscribir,transitive
proseguir,intransitive,transitive
prosperar,intransitive
prostituir,intransitive
protagonizar,transitive
proteger,transitive
protestar,intransitive
proveer,transitive
provenir,intransitive
providenciar,transitive
provisionar,transitive
provocar,ditransitive,transitive
proyectar,transitive
publicar,transitive
publicitar,transitive
pudrir,intransitive
pugnar,intransitive
pujar,intransitive
pulir,transitive
pulsar,transitive
pulverizar,transitive
puntear,transitive
puntualizar,transitive
puntuar,transitive
purgar,transitive
purificar,transitive
quebrantar,transitive
quebrar,transitive,intransitive
quedar,intransitive
quejar,intransitive
quemar,ditransitive
querellarse,intransitive
querer,transitive
querer_decir,transitive
quitar,ditransitive
racionalizar,transitive
radicalizar,transitive
radicar,intransitive
rajar,transitive
ralentizar,transitive
ramonear,intransitive
raptar,transitive
rascar,transitive
rasgar,transitive,intransitive
rastrear,transitive
ratificar,transitive,intransitive
rayar,transitive
razonar,transitive
reabrir,transitive
reaccionar,intransitive,transitive
reactivar,transitive
reafirmar,transitive,intransitive
reajustar,transitive
realizar,transitive
reanimar,transitive
reanudar,transitive
reaparecer,intransitive
reaprender,intransitive
reaprovechar,transitive
rearmar,transitive
reavivar,transitive
rebajar,transitive,intransitive
rebasar,transitive
rebatir,transitive
rebelarse,intransitive
rebotar,intransitive
rebotear,intransitive
recabar,transitive
recadar,transitive
recaer,intransitive
recalcar,transitive
recalentar,transitive
recalificar,transitive
recapacitar,intransitive
recaudar,transitive
recelar,intransitive
recetar,ditransitive
rechazar,transitive
recibir,transitive
reciclar,transitive,intransitive
recitar,transitive
reclamar,ditransitive
reclutar,transitive
recobrar,transitive
recoger,transitive,intransitive
recolectar,transitive
recolocar,ditransitive
recomendar,ditransitive
recompensar,transitive
recomponer,transitive
recomprar,transitive
reconciliar,transitive
reconducir,transitive
reconfortar,transitive
reconocer,transitive,intransitive
reconquistar,transitive
reconsiderar,transitive
reconstruir,transitive
recontar,transitive
reconvertir,transitive
recopilar,transitive
recordar,ditransitive,transitive
recorrer,transitive
recortar,transitive
recrear,transitive
recriminar,ditransitive
recrudecer,intransitive
rectificar,transitive
recubrir,transitive
recuperar,intransitive,transitive
recurrir,intransitive,transitive
recusar,transitive
redactar,transitive
redimir,transitive
redistribuir,transitive
redondear,transitive
reducir,transitive,intransitive
reeditar,transitive
reelaborar,transitive
reelegir,transitive
reemplazar,transitive
reencontrar,transitive,intransitive
reescribir,transitive
reestrenar,transitive
reestructurar,transitive
reexaminar,transitive
referir,intransitive,transitive
refinar,transitive
reflejar,intransitive,transitive
reflexionar,intransitive
reflotar,transitive
reformar,transitive
reforzar,transitive
refrenar,transitive
refrendar,transitive
refrescar,transitive
refrigerar,transitive
refrotar,transitive
refugiar,intransitive
regalar,ditransitive
regañar,transitive
regar,transitive
regatear,intransitive
regenerar,transitive
regentar,transitive
regir,transitive
registrar,transitive
reglamentar,intransitive
regocijar,intransitive
regrabar,transitive
regresar,intransitive
regular,transitive
regularizar,transitive
rehabilitar,transitive
rehacer,intransitive
rehuir,transitive
rehusar,transitive
reinar,intransitive
reincidir,intransitive
reincorporar,intransitive
reingresar,intransitive
reiniciar,transitive
reintegrar,transitive
reír,intransitive
reiterar,transitive
reivindicar,transitive,intransitive
rejonear,intransitive
rejuvenecer,transitive
relacionar,transitive
relajar,transitive
relanzar,transitive
relatar,ditransitive
relativizar,transitive
releer,transitive
relegar,transitive
relevar,transitive
rellenar,transitive
relucir,intransitive
remachar,transitive
remarcar,transitive
rematar,transitive
remedar,transitive
remediar,transitive
rememorar,transitive
remirar,transitive
remitir,ditransitive,intransitive,transitive
remodelar,transitive
remolcar,transitive
remontar,transitive,intransitive
remover,transitive
remunerar,transitive
renacer,intransitive
rendir,intransitive,ditransitive,transitive
renegar,intransitive
renegociar,transitive
reñir,intransitive
renovar,transitive
rentabilizar,transitive
renunciar,intransitive
reordenar,transitive
reorganizar,transitive
reorientar,transitive
reparar,intransitive,transitive
repartir,transitive
repasar,transitive
repatriar,transitive
repeler,transitive
repercutir,intransitive,transitive
repescar,transitive
repetir,transitive
replantar,transitive
replantear,transitive
replegar,transitive
replicar,ditransitive
repoblar,transitive
reponer,intransitive,transitive
reportar,transitive
reposar,intransitive
repostar,transitive
reprender,transitive
represaliar,transitive
representar,transitive
reprimir,transitive
reprobar,transitive
reprochar,ditransitive
reproducir,intransitive,transitive
repudiar,transitive
repulsar,transitive
repuntar,intransitive
reputar,transitive
requerir,transitive,intransitive
resaltar,transitive,intransitive
resarcir,transitive
resbalar,intransitive
rescatar,transitive
rescindir,transitive
reseñar,transitive
resentirse,intransitive
reservar,intransitive,transitive
resguardar,transitive
residir,intransitive
resignar,intransitive
resistir,transitive,intransitive
resolver,transitive
resonar,intransitive
resoplar,intransitive
respaldar,transitive
respectar,transitive
respetar,transitive
respirar,intransitive
responder,intransitive,ditransitive,transitive
responsabilizar,transitive
resquebrajar,transitive
restablecer,transitive
restar,intransitive,ditransitive
restaurar,transitive
restituir,transitive
restregar,transitive
restringir,transitive
resucitar,transitive
resultar,transitive,intransitive
resumir,transitive
resurgir,intransitive
retar,transitive
retener,transitive
retirar,transitive
retocar,transitive
retomar,transitive
retorcer,intransitive
retornar,intransitive
retozar,intransitive
retransmitir,transitive
retrasar,transitive
retratar,transitive
retribuir,ditransitive
retroceder,intransitive,transitive
reubicar,transitive
reunificar,transitive
reunir,transitive,intransitive
reutilizar,transitive
revalidar,transitive
revalorizar,transitive
revelar,intransitive,transitive
reventar,transitive,intransitive
reverberar,intransitive
reverdecer,transitive
revertir,transitive
revestir,transitive
revisar,transitive
revitalizar,transitive
revocar,transitive
revolcar,transitive
revolotear,intransitive
revolucionar,transitive
revolver,transitive
rezar,transitive
ribetear,transitive
ridiculizar,transitive
rifar,transitive
rimar,intransitive
rivalizar,intransitive
robar,ditransitive
robustecer,transitive
rociar,transitive
rodar,intransitive,transitive
rodear,transitive,intransitive
rogar,ditransitive
romper,ditransitive,transitive,intransitive
rondar,transitive
rotar,intransitive
rotular,transitive
rozar,transitive
rubricar,transitive
rugir,intransitive
ruinar,transitive
saber,transitive,intransitive,ditransitive
saborear,transitive
sabotear,transitive
sacar,transitive,ditransitive
sacarla_barata,intransitive
sacar_adelante,transitive
sacar_a_colación,transitive
saciar,transitive
sacrificar,transitive
sacudir,transitive
saldar,transitive
salir,intransitive
salir_al_paso,intransitive
salpicar,intransitive
saltar,intransitive,transitive
saludar,transitive
salvaguardar,transitive
salvar,transitive
sanar,intransitive
sancionar,transitive
sanear,transitive
sangrar,transitive
santificar,transitive
saquear,transitive
satanizar,transitive
satisfacer,transitive
saturar,transitive
secar,transitive
seccionar,intransitive
secuestrar,transitive
secundar,transitive
sedar,transitive
seducir,transitive
segregar,transitive
seguir,intransitive,transitive
seleccionar,transitive
sellar,transitive
sembrar,transitive
señalar,transitive
señalizar,transitive
sensibilizar,transitive
sentar,transitive
sentenciar,transitive
sentir,intransitive,transitive
separar,transitive
sepultar,transitive
ser,intransitive
sermonear,transitive
serpentear,intransitive
servir,ditransitive
significar,transitive,intransitive
silbar,transitive
silenciar,transitive
simbolizar,transitive
simplificar,transitive
simultanear,transitive
sindicar,transitive
sintetizar,transitive
sintonizar,intransitive
sisear,intransitive
sistematizar,transitive
situar,transitive
sobar,transitive
sobornar,transitive
sobrar,intransitive
sobreandar,intransitive
sobredimensionar,transitive
sobreexplotar,transitive
sobrepasar,transitive
sobreponer,intransitive
sobresalir,intransitive
sobreseer,transitive
sobrevivir,intransitive
sobrevolar,transitive
socavar,transitive
socializar,transitive
sofisticar,transitive
sofocar,transitive
solapar,intransitive
soldar,transitive
soler,transitive
solicitar,ditransitive
solidarizar,intransitive
soliviantar,transitive
sollozar,intransitive
soltar,transitive
solucionar,transitive
solventar,transitive
solver,transitive
someter,ditransitive,transitive
sonar,transitive,intransitive
soñar,intransitive,transitive
sondar,transitive
sondear,transitive
sonreír,intransitive
sonrojar,transitive
sopesar,transitive
soplar,intransitive
soportar,transitive
sorprender,ditransitive
sortear,transitive
soslayar,transitive
sospechar,transitive
sostener,transitive
soterrar,transitive
suavizar,transitive
subastar,transitive
subcontratar,transitive
subdelegar,transitive
subdesarrollar,intransitive
subestimar,transitive
subir,transitive,intransitive
sublimar,transitive
subrayar,transitive
subsanar,transitive
subsidiar,transitive
subsistir,intransitive
subsumir,transitive
subvencionar,transitive
subvertir,transitive
subyacer,intransitive
succionar,transitive
sucumbir,intransitive
sudar,intransitive
sufragar,transitive
sufrir,transitive,intransitive
sugerir,ditransitive
suicidarse,intransitive
sujetar,transitive,intransitive
sumar,transitive,intransitive
sumergir,intransitive,transitive
suministrar,ditransitive
sumir,transitive
supeditar,transitive
superar,transitive
superponer,intransitive
supervisar,transitive
suplicar,ditransitive
suplir,transitive
suponer,transitive,ditransitive
suprimir,transitive
surcar,transitive
surgir,intransitive
surtir,transitive
suscitar,transitive
suscribir,transitive
suspender,transitive
suspirar,intransitive
sustentar,transitive,intransitive
sustituir,transitive
sustraer,intransitive,ditransitive
susurrar,ditransitive
tachar,transitive
talar,transitive
tallar,transitive
tambalear,intransitive
tantear,transitive
tapar,transitive
tararear,transitive
tardar,transitive
tasar,transitive
tatarear,transitive
tejer,transitive
telefonear,transitive
televisar,transitive
temblar,intransitive
temer,transitive
templar,transitive
tender,intransitive,transitive
tener,ditransitive,transitive,intransitive
tener_cabida,intransitive
tener_en_consideración,transitive
tener_en_cuenta,transitive
tener_lugar,intransitive
tener_que_ver,intransitive
teñir,transitive
tensionar,transitive
tentar,transitive
tergiversar,transitive
terminar,intransitive,transitive
testificar,transitive
testimoniar,transitive
tildar,transitive
tipificar,transitive
tirar,ditransitive,intransitive,transitive
tirar_al_monte,intransitive
tirotear,transitive
titular,transitive,intransitive
tocar,transitive,intransitive
tocar_a_rebato,intransitive
tolerar,transitive
tomar,transitive,intransitive,ditransitive
tomar_contacto,intransitive
tomar_en_cuenta,transitive
tomar_parte,intransitive
tomar_partido,intransitive
topar,intransitive
torcer,transitive
torear,intransitive
tornar,transitive
torpedear,transitive
torturar,transitive
toser,intransitive
totalizar,transitive
trabajar,intransitive,transitive
trabar,transitive
traducir,transitive,intransitive
traer,transitive,ditransitive
traficar,transitive
tragar,transitive
traicionar,transitive
tramitar,transitive
trampear,intransitive
tranquilizar,transitive
transbordar,intransitive
transcendentalizar,transitive
transcurrir,intransitive
transferir,transitive
transformar,transitive
transfundir,transitive
transigir,intransitive
transitar,intransitive
transmitir,ditransitive,transitive
transparentar,transitive
transponer,transitive
transportar,transitive
trascender,transitive,intransitive
trasladar,transitive,intransitive,ditransitive
traslucir,transitive
trasmitir,ditransitive
trasnochar,intransitive
traspasar,transitive
trasplantar,transitive
trasponer,transitive
trastocar,transitive
trastornar,transitive
trasvasar,transitive
tratar,intransitive,transitive
trazar,transitive
tresanchantar,intransitive
triangular,intransitive
triar,transitive
tributar,transitive
trincar,intransitive
triplicar,transitive
tripular,transitive
triunfar,intransitive
tronar,transitive
tropezar,intransitive
troquelar,transitive
trotar,intransitive
trufar,transitive
truncar,transitive
tumbar,intransitive
turbar,transitive
turnar,intransitive
tutear,transitive
tutelar,transitive
tutorizar,transitive
ubicar,transitive,intransitive
ultimar,transitive
unificar,transitive
unir,transitive,intransitive
universalizar,transitive
untar,transitive
urbanizar,transitive
urdir,transitive
urgir,transitive
usar,transitive
utilizar,transitive
vaciar,transitive
vacilar,intransitive
valer,intransitive,ditransitive,transitive
valer_la_pena,intransitive
validar,transitive
vallar,transitive
valorar,transitive
vanagloriar,intransitive
vapulear,transitive
varar,transitive
variar,transitive
vaticinar,transitive
vedar,ditransitive
vegetar,intransitive
vejar,transitive
velar,intransitive
vencer,transitive,intransitive
vendar,transitive
vender,ditransitive
venerar,transitive
vengar,intransitive
venir,intransitive
ventilar,intransitive
ver,transitive,intransitive
veranear,intransitive
verificar,transitive
versionar,transitive
vertebrar,transitive
verter,transitive
vertir,transitive
vestir,transitive
vetar,transitive
viajar,intransitive
vibrar,intransitive
vigilar,transitive
vincular,transitive
violar,transitive
violentar,transitive
virar,transitive
visionar,transitive
visitar,transitive
vislumbrar,transitive
visualizar,transitive
vitorear,transitive
vituperar,transitive
vivir,intransitive,transitive
vociferar,transitive
volar,intransitive,transitive
volcar,transitive,intransitive
voltear,intransitive
volver,intransitive,transitive
vomitar,transitive
votar,transitive
vulnerar,transitive
yacer,intransitive
zafar,intransitive
zanjar,transitive
zarandear,transitive
zarpar,intransitive
zozobrar,intransitive
zumbar,intransitive
zurrar,transitive
