v,piã,
v,sẽ,
v,reho,(ud
v,reju,(ud
v,guahẽmba,abalanzarse
v,jepeju_s,aba­nicarse
v,tyembovo,abrir_el_vientre
v,jejurupe'a,abrir_la_boca
v,jepyjái,abrir_las_piernas
v,jepe'a,abrirse
v,jera,abrirse_una_flor
v,kuerái,aburrirse
v,ypa,acabársele_a_uno_el_agua
v,opa,acabó
v,chichĩ,acariciarse
v,jereroja,acarrearse
v,ja,acercarse
v,ñemoaguĩ,acercarse
v,ñemomichĩ,achicarse
v,ñemomirĩ,achicarse
v,tini,achicharrar_(el_sol)
v,piguy,achisparse
v,ko'ẽmba,aclarar_el_día
v,ñemomirĩ,acobardarse
v,jogueraha,acompañarse
v,ñemoirũ,acompañarse
v,ñoirũ,acompañarse
v,ñomoirũ,acompañarse
v,mandu'a,acordarse
v,ñemomandu'a,acordarse
v,ñeno,acostarse
v,jepokuaa,acostumbrarse
v,ñembopyahu,actualizarse
v,ñemoakuruchĩ,acurrucarse
v,ñemotenonde,adelantarse
v,akuã,adelantarse_a_otro
v,jegua,adornarse
v,hovana,adquirir_envergadura
v,ñembojára,adueñarse
v,ñemomba'e,adueñarse
v,ñehendyvapo,afeitarse
v,ñendyvapo,afeitarse
v,jepytaso,afirmar_los_pies
v,jepy'apy,afligirse
v,ñakãyvy,agachar_la_cabeza
v,ñetinga,agachar_la_cabeza
v,jayvy,agacharse
v,ñakãity,agacharse
v,japokói,agarrarse
v,jejapyhy,agarrarse
v,jepokói,agarrarse
v,jepyhy,agarrarse
v,chichĩ,aglomerarse
v,ko'i,aglomerarse
v,mbohypa,agotar_un_líquido
v,mboypa,agotar_un_líquido
v,pa,agotarse
v,ñembotuicha,agrandarse
v,mbohykue,agregar_agua
v,jeka,agrietarse
v,raso,agusanarse
v,ñembohaso,agusanarse
v,yguy,ahogarse
v,jepeju_s,airear­se
v,pojái,alargar_la_mano
v,ñembopuku,alargarse
v,jupyty,alcanzarse_mutuamente
v,rory,alegrarse
v,vy'a,alegrarse
v,ñemomombyry,alejarse
v,ñembovevúi,alivianarse
v,pytu'u,aliviarse
v,sururu,allanar_domicilio
v,ñakãupí,alzar_la_cabeza
v,jesaupi,alzar_los_ojos
v,jepepi,alzarse_la_ropa
v,joayhu,amarse_recíprocamente
v,no'õ,amontonarse
v,ñemohũngy,amoratarse
v,tereho,andate
v,chivu,aniquilarse
v,ñemotenonde,anticiparse
v,gue,apagarse
v,je'o,apagarse
v,jepe'a,apartarse
v,ñemoaño,apartarse
v,ñemomombyry,apartarse
v,chichĩ,apelotonarse
v,mbyasy,apenarse
v,py'apy,apenarse
v,poriahuvereko,apiadarse
v,jehero,apodarse
v,japokói,apoyarse
v,jatyko,apoyarse
v,jeko,apoyarse
v,ragẽ,apresurarse
v,jojopy,apretarse
v,ñemomba'e,apropiarse
v,ñemoaguĩ,aproximarse
v,kuãchaĩ,apro­piarse
v,pya'e,apurarse
v,ragẽ,apurarse
v,ñemuagẽ,apurarse
v,jepepy,arquearse
v,rapo,arraigarse
v,ñembohapo,arraigarse
v,tyryry,arrastrarse
v,ñetĩekýi,arrebujarse
v,pepi,arremangar(se)
v,jeaojyvapepi,arremangarse
v,jepepi,arremangarse
v,angajevy,arrepentirse
v,ñembyasy,arrepentirse
v,poja,arrimar_la_mano
v,apyaty,arrimar_tierra
v,ja,arrimarse
v,jeko,arrimarse
v,jeroja,arrimarse
v,ñemboja,arrimarse
v,ñemoaguĩ,arrimarse
v,ñesũ,arrodillarse
v,japakua,arrollarse
v,ñetĩekýi,arrollarse
v,kuruchi,arrugarse
v,ñecha'ĩ,arrugarse
v,ñyñýi,arrugarse
v,so'ohesy,asar_carne
v,ñemoirũ,asociarse
v,ñomoirũ,asociarse
v,apysẽ,asomarse
v,tĩsẽ,asomarse
v,ñakãsẽ,asomarse
v,ñemboapytero,asomarse
v,jeguaru,asquearse
v,pytaryrýi,asustarse
v,ñemondýi,asustarse
v,jepytaso,atajarse
v,pokua,atar_de_manos
v,kupyjokua,atar_de_pies
v,pykua,atar_de_pies
v,jepykua,atarse_los_pies
v,pa'ã,atascarse
v,ahy'opa'ã,atorarse
v,ahy'o'api,atorarse
v,pa'ã,atorarse
v,pyty,atorarse
v,ahy'opa'ã,atragantarse_(con_sólidos)
v,rapykue,atrasarse
v,ja,avecinarse
v,jepicha,avergonzarse
v,tindy,avergonzarse
v,tĩ,avergonzarse
v,ñopytyvõ,ayudarse
v,minga,ayudarse_mutuamente
v,jesayvy,bajar_la_vista
v,guejy,bajarse
v,jerojy,bajarse
v,vava,balancearse
v,kacha,bambolearse
v,jahu,bañarse
v,ja'u,bebemos
v,jay'u,bebemos_agua
v,y'u,beber_agua
v,hay'u,bebo_agua
v,jurupyte,besar_en_la_boca
v,ñemoakamby,bifurcarse
v,ñemohakamby,bifurcarse
v,je'o,borrarse
v,gue,bo­rrarse
v,hoky,brota
v,jojái,burlarse
v,ñemboharái,burlarse
v,ñembohory,burlarse
v,ho'a,cae
v,ja'a,caemos
v,ro'a,caemos
v,pe'a,caen_(ustedes)
v,ñeakatĩparo,caer_de_bruces
v,pyi,caerse
v,ñetinga,caerse_de_bruces
v,ha'a,caigo
v,jepe'e,calentarse
v,kirirĩ,callar(se)
v,pi,calmarse
v,py'apytu'u,calmarse
v,ambue,cambiar(se)
v,ambue,cambiar_de_domicilio
v,rova,cambiar_de_sitio
v,kane'õ,cansarse
v,tokoro'o,cantar_el_gallo
v,karakaka,cantar_la_gallina
v,ñe'ẽ,cantar_los_pájaros
v,kekẽ,cantar_un_loro
v,ñembokatupyry,capacitarse
v,kotevẽ,carecer_de
v,ka'api,carpir_con_azada
v,menda,casarse
v,sunu,causar_ruido_o_estampido
v,ho'a,cayó
v,ha'a,caí
v,jesapy,cerrar_los_ojos
v,sapymi,cerrar_los_ojos
v,guerohory,ce­lebrar
v,ku'akua,ceñir_la_cintura
v,ñemborypy'a,coagularse
v,mirĩ,cobarde
v,jy,cocerse
v,jy,cocinarse
v,jo'u,cohabitar_sexualmente
v,jopyhy,cohabitar_sexualmente
v,jasuru,colarse
v,ñasaingo,colgar(se)
v,saingo,colgarse
v,pe'u,coman_(ustedes)
v,ho'u,come
v,ja'u,comemos
v,ro'u,comemos
v,pe'u,comen
v,ha'u,como
v,ñepu,compadecerse
v,mombáy,concientizar
v,mbyasy,condolerse
v,ñembyasy,condolerse
v,guerombyasy,condo­lerse
v,ñombojoaju,confederarse
v,ñemombe'u,confesarse
v,javo'ói,confundirse
v,javy,confundirse
v,jepoapi,confundirse
v,ro'yrypy'a,congelarse
v,rypy'a,congelarse
v,ñembohypy'a,congelarse
v,ñemborypy'a,congelarse
v,jekuaa,conocerse
v,jokuaa,conocerse
v,va,contagiarse
v,mombe'upa,contar_todo
v,pytujoko,contener_la_respiración
v,koni,contonearse
v,ñekoni,contonearse
v,ñemokoni,contonearse
v,menda,contraer_matrimonio
v,sysýi,contraerse
v,jevy,convertirse
v,ñembova,convertirse
v,herakuã,corre_la_voz
v,ka'api,cortar_el_pasto
v,ñapĩ,cortar_el_pasto
v,ñapĩ,cortar_el_pelo
v,kopi,cortar_pasto
v,so,cortarse
v,joasa,cruzarse
v,juasa,cruzarse
v,apyaty,cubrir_con_tierra
v,jaty,cubrir_con_tierra
v,ñeñuvã,cubrirse
v,jereko,cuidarse
v,jerereko,cuidarse
v,kuera,curarse
v,resãi,curarse
v,hi'a,da_fruto
v,memby,dar_a_luz
v,ko'õ,dar_comezón
v,mboy'u,dar_de_beber
v,mongaru,dar_de_comer
v,rombyasy,dar_el_pésame
v,poruka,dar_en_préstamo
v,ñe'ẽme'ẽ,dar_la_palabra
v,guerombyasy,dar_los_pésames
v,momaitei,dar_saludos
v,ñakãpete,dar_un_coscorrón
v,mboikove,dar_vida
v,moingove,dar_vida
v,jere,dar_vueltas
v,koni,dar_vueltas
v,apajeréi,dar_vueltas_en_el_suelo
v,ñemomba'eguasu,darse_importancia
v,ñoñe'ẽme'ẽ,darse_la_palabra
v,ñemboheko,darse_tono
v,jeku'ako,darse_vuelta
v,ñembojere,darse_vuelta
v,ñeakatĩparo,darse_vuelta_en_el_aire
v,ja'e,decimos
v,ro'e,decimos
v,neĩ,decir_que_sí
v,jupi,decolar
v,pu'ã,decolar
v,ere,decí
v,ñepysyrõ,defenderse
v,jejajura'o,degollarse
v,moko'ẽ,dejar_amanecer
v,poi,dejar_caer
v,motyre'ỹ,dejar_huérfano
v,ñembopiru,demacrarse
v,ñemboyku,derretirse
v,jeroviave'ỹ,desacreditarse
v,kakuaa,desarrollarse
v,pu'ã,desarrollarse
v,jera,desatarse
v,ñemosarambi,desbandarse
v,jejuru'o,desbocarse
v,jerojy,descolgarse
v,herakuã,descolla
v,jeharu,descomponerse
v,raguino,descomponerse
v,ñembohaso,descomponerse
v,ñembotyai,descomponerse
v,ñembuai,descomponerse
v,pepi,descubrir(se)
v,jera,desemborracharse
v,jera,desembriagarse
v,joavy,desencontrarse
v,ñembotavy,desentenderse
v,jetepoka,desentumecerse
v,ñemboheteku'e,desentumecerse
v,kã,deshidratarse
v,kuaave'ỹ,desinteresarse
v,pysyry,deslizarse
v,syry,deslizarse
v,syryry,deslizarse
v,manorei,desmayarse
v,py'amano,desmayarse
v,ku'i,desmenu­zarse
v,ñemboi,desnudarse
v,ñemokañy,desorientarse
v,ja'yro,desovar_la_mosca
v,jesape'a,despabilarse
v,jetyvyro,despabilarse
v,páy,despabilarse
v,kúi,despegarse
v,jepe'o,despellejarse
v,jehetepyso,desperezarse
v,jepoka,desperezarse
v,jepyso,desperezarse
v,jetepoka,desperezarse
v,jetepyso,desperezarse
v,ñekangy'o,desperezarse
v,ñembohetia'e,desperezarse
v,ñemokyre'ỹ,desperezarse
v,jesape'a,despertarse
v,páy,despertarse
v,ko'ẽ,despertarse_por_la_mañana
v,ñemboje'o,despintarse
v,ñakãky'o,despiojarse
v,jeity,desplomarse
v,menda,desposarse
v,kaguai,despotri­car
v,jetyvyro,desprenderse
v,kukúi,desprenderse
v,kúi,desprenderse
v,jekuaave,destacarse
v,je'o,deste­ñirse
v,gue,desvanecerse
v,py'amano,desvanecerse
v,pia,desviarse
v,ñemombia,desviarse
v,pyta,detenerse
v,ere,di
v,he'i,dice
v,oje'e,dicen
v,peje,dicen_(ustedes)
v,ikoe,diferenciarse
v,joavy,diferenciarse
v,juavy,diferenciarse
v,koe,diferenciarse
v,ñemoingoe,diferenciarse
v,ha'e,digo
v,ñembopuku,dilatarse
v,jehovañuã,disfrazarse
v,pochy,disgustarse
v,ñeko'õi,disgustarse
v,gue,disiparse
v,ñemotimbo,disiparse
v,karáu,dislocarse_un_hueso
v,ñemomichĩ,disminuirse
v,ikoe,distinguirse
v,jekuaa,distinguirse
v,juavy,distinguirse
v,ñemotenonde,distinguirse
v,jesamboyke,distraerse
v,rory,divertirse
v,vy'a,divertirse
v,vo,dividirse
v,ñembovo,dividirse
v,jekuaa,divisarse
v,jopoi,divorciarse
v,jueja,divorciarse
v,jayvy,doblarse
v,jahu,ducharse
v,hasy,duele
v,mbuai,echar_a_perder
v,moñembyai,echar_a_perder
v,ñembohapo,echar_raíz
v,jeity,echarse
v,jepoi,echarse
v,vale,eficiente
v,mbopu,ejecutar_un_instrumento_musical
v,hoy'u,el/ella)_bebe_agua
v,hoyta,el/ella_nada
v,yvyreja,elevarse
v,te'i,ella)_diga
v,ndohói,ellos)
v,ndo'ái,ellos)
v,hyakuã,emana
v,na,embadurnarse
v,ñemona,embadurnarse
v,ryeguasu,embarazarse
v,jurujái,embelesarse
v,ñemoporã,embellecerse
v,jurujái,embobarse
v,ka'u,emborracharse
v,pichoro,embriagarse
v,javo'ói,embrollarse
v,ñembosagua'a,embrutecerse
v,jetu'u,empacarse
v,jetu'u,empecinarse
v,jetu'u,emperrarse
v,jepytaso,empeñarse
v,ñeha'ã,empeñarse
v,ñemoakãraku,empeñarse
v,ñepia'ã,empeñarse
v,jepytaka,empinarse
v,jepytaso,empinarse
v,ñepyta'ã,empinarse
v,jokuái,emplear_gobernar
v,py'amyaña,empujar_el_pecho
v,akãraku,enamorarse
v,ñemboki,enamorarse
v,ñemoakãraku,enamorarse
v,moraguyrõ,enardecer_sexualmente
v,ñemoakãhatã,encapricharse
v,ñembohete,encarnarse
v,ñemboty,encerrarse
v,kuruchi,encogerse
v,ñecha'ĩ,encogerse
v,ñemoakuruchĩ,encogerse
v,ñyñýi,encogerse
v,jecha,encontrarse
v,joasa,encontrarse
v,johupyty,encontrarse
v,juecha,encontrarse
v,ñetĩkutu,encontrarse
v,ñuaitĩ,encontrarse
v,ñuguaitĩ,encontrarse
v,ñuvaitĩ,encontrarse
v,jepepy,encorvarse
v,ñemboyvate,encumbrarse
v,ñemoatã,endurecerse
v,ñemohatã,endurecerse
v,rasy,enfermarse
v,jovái,enfrentarse
v,ñembohovake,enfrentarse
v,ñembojovái,enfrentarse
v,pochy,enfurecerse
v,moñuhã,engatuzar
v,jero,engreírse
v,jerovu,engreírse
v,jumosã,enhebrar_la_aguja
v,ñembotuju,enlodarse
v,ravẽ,enmohecerse
v,mohũmbyre,ennegrecido
v,pochy,enojarse
v,ñeko'õi,enojarse
v,ñembopochy,enojarse
v,javo'ói,enredarse
v,ñemomba'eheta,enriquecerse
v,japakua,enrollarse
v,ahy'opyáu,enronquecerse
v,ñemboapakua,enroscarse
v,moapopẽ,enrular
v,mopicha'ĩ,enrular
v,ñopẽ,enrular
v,jogueru,entenderse
v,johupyty,entenderse
v,py'añopũ,enternecerse
v,jesapymi,entornar_los_ojos
v,sapy,entornar_los_ojos
v,guyru,entrar_o_pasar_por_debajo
v,jasuru,entrar_sin_permiso
v,ñemoinge,entremeterse
v,jasuru,entreme­terse
v,mbyasy,entristecerse
v,ñembyasy,entristecerse
v,jehýi,entumecerse
v,akãraku,entusiasmarse
v,ñemoakãraku,entusiasmarse
v,ñemongaria'y,envalentonarse
v,jerovu,envanecerse
v,ñembovu,envanecerse
v,jererovu,en­greírse
v,javy,equivocarse
v,jejavy,equivocarse
v,jepoapi,equivocarse
v,mba'eavy,equivocarse
v,ha'e,eres
v,pu'ã,erguirse
v,ñembo'y,erguirse
v,ñepu'ã,erguirse
v,jetape'avy,errar_el_camino
v,urẽ,eructar_desagradablemente
v,ha'e,es
v,ivai,es_feo
v,jehekýi,escabullirse
v,kañy,escabullirse
v,poeja,escabullirse
v,poguyrõ,escabullirse
v,guari,escaparse
v,piã,escaparse
v,poeja,escaparse_de_entre_las_manos
v,poguyrõ,escaparse_de_entre_las_manos
v,yvykarãi,escarbar_la_tierra
v,guari,esconderse
v,kañy,esconderse
v,ñemi,esconderse
v,jehekýi,escurrirse
v,myatã,esforzarse
v,ña'ã,esforzarse
v,ñeha'ã,esforzarse
v,ñepia'ã,esforzarse
v,ñepyta'ã,esforzarse
v,ñeha'ã,esmerarse
v,ñemondýi,espantarse
v,sarambi,esparcirse
v,ñemosarambi,esparcirse
v,mondyiha,espeluznante
v,je'u,estafado
v,py'aropu,estallársele_a_uno_el_corazón
v,vy'a,estar_a_gusto
v,pichoro,estar_achispado
v,kane'õ,estar_cansado
v,ñembo'y,estar_de_pie
v,ikorei,estar_desocupado
v,ryeguasu,estar_embarazada
v,py'anandi,estar_en_ayunas
v,ro'yrypy'a,estar_helado
v,aguara,estar_orgulloso
v,mbota,estar_por
v,pota,estar_por
v,myi'ỹ,estar_quieto
v,resãi,estar_sano
v,y'uhéi,estar_sediento
v,guapy,estar_sentado
v,so,estar_sin_nada
v,ajuvyso,estirar_el_cuello
v,jajuvyso,estirar_el_cuello
v,jejuvyso,estirar_el_cuello
v,jehetepyso,estirarse
v,jetepyso,estirarse
v,jepyso,estirar­se
v,ñembota,estrellarse
v,pepe,estremecerse
v,pirĩ,estremecerse
v,sysýi,estremecerse
v,ñemopirĩ,estremecerse
v,oime,está
v,oĩ,está
v,haku,está_caliente_(sentido_sexual_si_se_trata_de_animales_o_personas)
v,hasy,está_enfermo
v,piã,evadirse
v,gue,evaporarse
v,timbopa,evaporarse
v,ñemotimbo,evaporarse
v,jesapyso,extender_la_vista
v,gue,extinguir­se
v,jetape'avy,extraviarse
v,kañy,extraviarse
v,ñemokañy,extraviarse
v,kuaa,familiarizarse
v,kuerái,fastidiarse
v,jepokuaa,fa­miliarizarse
v,jererohory,felicita­do
v,haguyno,fermenta
v,guerohory,fes­tejar
v,jerovia,fiarse
v,jesareko,fijarse
v,ho'yga,filtra
v,ho'ẽ,filtra
v,‘ẽ,filtrarse
v,ñemomba,finalizarse
v,tiri,fisurar
v,ñemombarete,fortalecerse
v,pẽ,fracturarse
v,jekyty,fregarse
v,jetekyty,fregarse_el_cuerpo
v,chyryry,freírse
v,jepichy,friccionarse
v,jepokyty,frotarse_las_manos
v,hi'a,fructifica
v,piã,fugarse
v,jeporeka,ganarse_la_vida
v,jererory,gloriarse
v,jererovu,gloriarse
v,japete,golpear_con_la_mano
v,ñakãpete,golpear_la_cabeza_con_la_mano
v,patuka,golpear_la_ropa_al_lavarla
v,ñembota,golpearse
v,ñakãmbota,golpearse_la_cabeza
v,ho'ẽ,gotea
v,hory,goza
v,ñe'ẽmbegue,hablar_en_voz_baja
v,guelele,hablar_jerigonza
v,tiñe'ẽ,hablar_por_la_nariz
v,haku,hace_calor
v,mohesatũ,hacer_a_uno_ciego_o_tuerto
v,moingo,hacer_andar
v,mbojeroky,hacer_bailar
v,rojy,hacer_bajar
v,mbo'a,hacer_caer
v,roguata,hacer_caminar
v,mba'ejogua,hacer_compras
v,muña,hacer_correr
v,mongakuaa,hacer_crecer
v,mome'ẽ,hacer_dar
v,mombe'uka,hacer_decir
v,mombytu'u,hacer_descansar
v,moingoe,hacer_diferencia
v,monge,hacer_dormir
v,vyrea,hacer_el_burro
v,guilili,hacer_el_ruido_parecido_al_agua_que_corre
v,mopytã,hacer_enrojecer
v,mohenduka,hacer_escuchar
v,mombu,hacer_explotar
v,jetepyso,hacer_gimnasia
v,myatatĩ,hacer_humo
v,sapukái,hacer_hurras
v,roguahẽ,hacer_llegar
v,mbojahe'o,hacer_llorar
v,muasẽ,hacer_llorar
v,rojahe'o,hacer_llorar
v,mongy,hacer_llover
v,mboaju,hacer_madurar
v,mbojapu,hacer_mentir
v,mbohasa,hacer_pasar
v,romandu'a,hacer_recordar
v,mbopuka,hacer_reír
v,charara,hacer_ruido
v,mbohyapu,hacer_ruido
v,pararã,hacer_ruido
v,tororõ,hacer_ruido_el_agua
v,mosẽ,hacer_salir
v,ñanduka,hacer_sentir
v,jepoyru,hacer_señas_con_la_mano
v,mbopu,hacer_sonar
v,gueruka,hacer_traer
v,reruka,hacer_traer
v,ruruka,hacer_traer
v,ñembou,hacer_venir
v,rojere,hacer_volver
v,"kupylia,_kupypa'ã",hacer_zancadilla
v,jejapo,hacerse
v,ku'ipa,hacerse_añicos
v,jogapo,hacerse_de_casa
v,ñemongaria'y,hacerse_el_joven
v,jaitypo,hacerse_el_nido
v,ñembotavy,hacerse_el_sonso
v,ñembohupa,hacerse_la_cama
v,ñehenduka,hacerse_oír
v,ñemboheko,hacerse_rogar
v,jechauka,hacerse_ver
v,ime,hallarse
v,ĩ,hallarse
v,iko,hallar­se
v,mbovava,hamacar
v,moatymói,hamacar
v,"myatimói,_myatymói",hamacar
v,japaso,hartarse
v,ñemohyguatã,hartarse
v,oime,hay
v,oĩ,hay
v,jy,hervirse
v,ñesũ,hincarse
v,jererovu,hincharse
v,jerovu,hincharse
v,vu,hincharse
v,ñembohupa,hospedarse
v,hyakuã,huele
v,he'õ,humedecerse
v,chivu,hundirse
v,jasuru,hundirse
v,yguy,hundirse
v,ñapymi,hundirse
v,japasuru,hundirse_en_el_barro
v,pasu,hundirse_en_el_lodo
v,jahéi,impacientarse
v,pochy,impacientarse
v,akỹmba,impregnarse
v,jepe'a,inaugurarse
v,ñemomba'e,incautarse
v,ñakãity,inclinar_la_cabeza
v,japaro,inclinarse
v,jayvy,inclinarse
v,jero'a,inclinarse
v,vã,inclinarse
v,ñemovã,inclinarse
v,ñakãupí,incorporarse
v,vu,inflarse
v,ñembovu,inflarse
v,ñemboyke,inhibirse
v,jasuru,inmiscuirse
v,ñemoarandu,instruirse
v,ñembyekovia,intercambiarse
v,ike,internarse
v,suru,introducirse
v,sururu,introducirse
v,ñemopa'ũ,introducirse
v,kaka,ir_de_cuerpo
v,jogueraha,ir_juntos
v,jogueru,ir_juntos
v,yvytu,ir_viento_en_popa
v,pipi,irritarse
v,ñeko'õi,irritarse
v,ha,irse
v,ho,irse
v,je'ói,irse
v,jei,irse
v,pykúi,irse
v,jerure,j
v,jejapo,jactarse
v,jerovu,jactarse
v,ñemomba'eguasu,jactarse
v,hua'ĩ,juntarse
v,je'ói,juntarse
v,jehe'a,juntarse
v,no'õ,juntarse
v,ñoñe'ẽme'ẽ,juramentarse
v,jepepy,ladearse
v,jero'a,ladearse
v,ñemboyke,ladearse
v,ñemovã,ladearse
v,kumberéi,lamerse_los_labios
v,kapu,lanzar_tiros
v,jepoi,largarse
v,ñehunga,lastimarse
v,atyñyñýi,latir_la_sien
v,akãky'o,lavar_la_cabeza
v,pohéi,lavar_las_manos
v,pyhéi,lavar_los_pies
v,aojoréi,lavar_ropa
v,jaoréi,lavar_ropa
v,ñakãjohéi,lavarse_la_cabeza
v,ñakãky'o,lavarse_la_cabeza
v,ñeakãky'o,lavarse_la_cabeza
v,jovahéi,lavarse_la_cara
v,jepohéi,lavarse_las_manos
v,jepyhéi,lavarse_los_pies
v,pepi,levantar_el_vestido
v,jesaupi,levantar_la_vista
v,jepoupi,levantar_las_manos
v,motimbo,levantar_polvo
v,jupi,levantarse
v,pu'ã,levantarse
v,ñepu'ã,levantarse
v,jei,liberarse
v,jera,liberarse
v,jetyvyro,librarse
v,ñembohyku,licuarse
v,ñepindýi,limpiarse_el_trasero
v,jepoity,llamar_con_la_mano
v,jehero,llamarse
v,réra,llamarse
v,ñeguahẽ,llegarse
v,roguata,llevar_paseando
v,karáu,luxarse
v,aju,madurar_fruta
v,ivai,malo
v,ñombojoaju,mancomunarse
v,ñomopeteĩ,mancomunarse
v,mombe'uka,mandar_un_recado
v,mbojára,marcar_ganado
v,ho,marcharse
v,piru,marchitarse
v,ñyñýi,marchitarse
v,akãnga'u,marearse
v,resakuaguyry,marearse
v,piguy,marearse_con_bebida
v,popichy,masajear
v,ha'yguy,me_ahogo
v,ñepohano,medicarse
v,pichoro,medio_borracho
v,ñemoporãve,mejorarse
v,jerokua,menearse_sexualmente
v,po'ẽ,meter_la_mano
v,jasuru,meterse
v,jasururu,meterse
v,sururu,meterse
v,suru,meterse_sin_permiso_o_con_violencia
v,jehe'a,mezclarse
v,jejehe'a,mezclarse
v,jojehe'a,mezclarse
v,jojopara,mezclarse
v,ñembojehe'a,mezclarse
v,myakate'ỹ,mezquinar
v,taryrýi,mezquinar
v,chichĩ,mimarse
v,kunu'ũ,mimarse
v,akỹmba,mojarse
v,ñakỹ,mojarse
v,ñeko'õi,molestarse
v,jepicha,molestar­se
v,hãimbiti,mostrar_los_dientes
v,rãimbiti,mostrar_los_dientes
v,jechauka,mostrarse
v,jehechauka,mostrarse
v,mymýi,moverse
v,mýi,moverse
v,kuchu,moverse_algo_dentro_de_un_recipiente
v,ambue,mudarse
v,jerova,mudarse
v,va,mudarse
v,ñemboheta,multiplicarse
v,ñembohetã,nacionalizarse
v,ñemohetã,nacionalizarse
v,jayta,nadamos
v,royta,nadamos
v,peyta,nadan
v,reyta,nadas
v,peyta,naden_(ustedes)
v,ñembohumbykoni,nalguear
v,ñembotove,negarse
v,ndaijái,no_cabe
v,ndo'ái,no_cae
v,ndere'ái,no_cae_(usted)
v,ndaja'ái,no_caemos
v,ndoro'ái,no_caemos
v,ndape'ái,no_caen_(ustedes)
v,ndo'ái,no_caen_(él
v,ndere'ái,no_caes
v,ndere'ái,no_caes
v,nda'ái,no_caigo
v,ndo'úi,no_come
v,ndere'úi,no_come_(usted)
v,ndaja'úi,no_comemos
v,ndoro'úi,no_comemos
v,ndape'úi,no_comen_(ustedes)
v,ndere'úi,no_comes
v,ndere'úi,no_comes
v,ndaja'éi,no_decimos
v,nde'eréi,no_decís
v,nde'írí,no_dice
v,nde'eréi,no_dice_(usted)
v,ndapejéi,no_dicen_(ustedes)
v,nde'eréi,no_dices
v,nda'éi,no_digo
v,jero,no_doblegarse
v,ndaha'éi,no_es
v,ndaha'éi,no_es_ella
v,ndaha'éi,no_es_él
v,noĩri,no_está
v,ndaipóri,no_está(n)
v,ndaipóri,no_hay
v,noĩri,no_hay
v,rokirirĩ,no_mencionar
v,ndohói,no_va
v,nderehói,no_va_(usted)
v,ndajahái,no_vamos
v,ndorohói,no_vamos
v,ndapehói,no_van_(ustedes)
v,ndohói,no_van_(él
v,nderehói,no_vas
v,ndajajúi,no_venimos
v,ndorojúi,no_venimos
v,nderejúi,no_venís
v,ndoúi,no_viene
v,nderejúi,no_viene_(usted)
v,ndapejúi,no_vienen_(ustedes)
v,nderejúi,no_vienes
v,ndahái,no_voy
v,jetu'u,obstinarse
v,tu'u,obstinarse
v,ñemohatã,obstinarse
v,jepytaso,obsti­narse
v,pa'ã,obstruirse
v,ñemi,ocultarse
v,jepicha,ofenderse
v,jero,ofenderse
v,ñeko'õi,ofenderse
v,ñekuave'ẽ,ofrecerse
v,jovái,oponerse
v,mboaje'ỹ,oponerse
v,mbohovái,oponerse
v,poravo,optar_por
v,ñepytũ,oscurecerse
v,ñemokirirĩ,pacificarse
v,pu'ã,pararse
v,ñembo'y,pararse
v,jepytaka,pararse_en_puntas_de_pie
v,ha'ete,parecerse
v,hi'ã,parecerse
v,joja,parecerse
v,vo,partirse
v,ñembovo,partirse
v,ñembo'i,partirse
v,japyhara,pasar_por_encima
v,mopysykuãi,pasar_resbalando
v,pysykuãi,pasar_rozando
v,jehasa,pasarse
v,juasa,pasarse
v,jepome'ẽ,pasarse_las_manos
v,jepopyhy,pasarse_las_manos
v,jechauka,pavonearse
v,mondyiha,pavoroso
v,py'amyaña,pechear
v,pehẽ'ã,pedazar
v,tupanói,pedir_la_bendición
v,ja,pegarse
v,ñemboja,pegarse
v,ñakãkarãi,peinarse
v,ñeakãkarãi,peinarse
v,mbojapiro,pelar_el_prepucio
v,moakãperõ,pelar_la_cabeza
v,jepiro,pelarse
v,japiro,pelarse_el_prepucio
v,taky,pelearse
v,ñoha'ã,pelearse
v,ñemokirirĩ,penar_en_silencio
v,ñemoangai,pensar_mal
v,soite,perder_todo
v,kañy,perderse
v,ñembuai,perderse
v,jehekoporanga,perfeccionarse
v,myi'ỹ,permanecer_en_un_lugar
v,jehovasa,persignarse
v,jejovasa,persignarse
v,jovasa,persignarse
v,jetu'u,plantarse
v,pu'aka,poder_con
v,mbotuju,podrir
v,mbuai,podrir
v,mbyai,podrir
v,haro,podrirse
v,tuju,podrirse
v,ñembotuju,podrirse
v,ñembuai,podrirse
v,mongy'a,poluir
v,moko'ẽ,poner_al_sereno
v,mbovapy,poner_boca_abajo
v,mbovayvy,poner_boca_abajo
v,mbovayva,poner_boca_arriba
v,mbovapy,poner_de_bruces
v,mboajaka,poner_en_canasto
v,moatyrõ,poner_en_orden
v,mboaruru,poner_en_remojo
v,mbojovake,poner_frente_a_frente
v,moakãratĩ,poner_los_cuernos
v,mbohéra,poner_nombre
v,tupapo,poner_o_preparar_la_cama
v,mbokesu,poner_queso_a_una_comida
v,ñemoĩ,ponerse
v,ñembo'y,ponerse_de_pie
v,ñakamby,ponerse_o_estar_a_horcajadas
v,guapy,posarse
v,guejy,posarse
v,poreno,poseer_sexualmente
v,ñemomba'e,posesionarse
v,je'u,poseído
v,ñesũ,postrarse
v,jerereko,precaver­se
v,jeity,precipitarse
v,jepoi,precipitarse
v,ndyry,precipitarse
v,moherakuãha,pregonero
v,jatapy,prender_fuego
v,myendy,prender_fuego
v,jejagarra,prenderse
v,jejapyhy,prenderse
v,jepyhy,prenderse
v,porãngareko,prenderse
v,py'aho,prenderse
v,jepy'ajopy,preocuparse
v,jepy'apy,preocuparse
v,py'aho,preocuparse
v,py'apy,preocuparse
v,ñembosako'i,prepararse
v,ñekuave'ẽ,prestarse
v,joporuka,prestarse_uno_a_otro
v,ñembokaria'y,pretender_juventud_un_varón_o_un_niño_creerse_grande
v,ikose,pretender_ser
v,jeheka,procurarse_lo_necesario_para_vivir
v,guarara,producir_ruido
v,ñe'ẽ,producir_sus_voces_los_animales
v,ñemosarambi,propagarse
v,ñemuasãi,propagarse
v,pota,propender_a
v,ñembuai,prostituirse
v,ñemomba'e,proveerse
v,te'i,que_(él
v,py'apy,quebrantarse
v,jeka,quebrarse
v,pẽ,quebrarse_un_objeto_largo_y_rígido
v,chi'õ,quejarse
v,pyahẽ,quejarse
v,rasẽ,quejarse
v,okái,quema
v,mbojapiche,quemar_la_comida
v,japose,querer_hacer
v,johayhu,quererse
v,he'ise,quiere_decir
v,hoja'o,quitar_la_cobertura
v,pyta,radicarse
v,ñemohenda,radicarse
v,jeka,rajarse
v,ñemohakã,ramificarse
v,ñehe'ỹi,rascarse
v,ñakãpire'ỹi,rascarse_la_cabeza
v,soro,rasgarse
v,ko'ẽ,rayar_el_día
v,jejaro,rebajarse
v,pu'ã,rebelarse
v,ñembopochy,rebelarse
v,guyguy,rebuscarse
v,jeheka,rebuscarse
v,jeporeka,rebuscarse
v,jetypeka,rebuscarse
v,karáu,recalcarse
v,mba'epuru,recibir_en_préstamo
v,ñemboty,recluirse
v,jepe'ava,recoger_o_cortar_leña
v,ñemoaño,recogerse
v,"pochyjera,_pochypoi,_pochyve'ỹ",reconciliarse
v,ñoñyrõ,reconciliarse
v,mandu'a,recordarse
v,py'aho,recordarse
v,jatyko,recostarse
v,jeko,recostarse
v,pytu'u,recrearse
v,vy'a,recrearse
v,ñembohory,recrearse
v,ñembopiro'y,recrearse
v,jopyru,reemplazarse
v,jejoko,refrenarse
v,ñembopiro'y,refrescarse
v,ñeñuvã,refugiarse
v,rory,regocijarse
v,ñembohory,regocijarse
v,jehe'a,relacionarse
v,jeheréi,relamerse
v,kumberéi,relamerse
v,"ñekumberéi,_ñekumby'u",relamerse
v,ñeme'ẽ,rendirse
v,ñemomirĩ,rendirse
v,ñembopyahu,renovarse
v,jevira,repetir_la_comida
v,guevi,replegarse
v,ñemoña,reproducirse
v,syryry,resbalarse
v,py'arasy,resentirse
v,ñeko'õi,resentirse
v,ñemyrõ,resentirse
v,tĩpa'ã,resfriarse
v,tĩsyry,resfriarse
v,rokirirĩ,resignarse
v,ñemyatã,resistir(se)
v,rojere,restituir_al_lugar_de_origen
v,jepopichy,restregarse_las_ma­nos
v,guari,retirarse
v,je'ói,retirarse
v,jehekýi,retirarse
v,jei,retirarse
v,jepoka,retorcerse
v,jepopoka,retorcerse_las_manos
v,ñemoakuruchĩ,retraerse
v,"ñemboare,_ñembo'are",retrasarse
v,ñemoha'anga,retratarse
v,mumu,reunirse
v,no'õ,reunirse
v,ñemono'õ,reunirse
v,ko'i,reunir­se
v,apajeréi,revolcarse
v,japajeréi,revolcarse
v,ñakatĩparo,revolcarse
v,jyvyka,revolver_la_tierra
v,rapykue,rezagarse
v,ho'yga,rezuma
v,jojái,reírse_de_alguien
v,jeka,romperse
v,pẽ,romperse
v,so,romperse
v,soro,romperse
v,ñakãjoka,romperse_la_cabeza
v,kerambu,roncar_en_sueños
v,jekyty,rozarse
v,ñeñe'ẽ,rumorearse
v,jekuaa,saberse
v,yjara,sacar_agua
v,ñami,sacar_jugo
v,havi'u,sacar_pelusa
v,tũ'o,sacar_piques
v,pe'o,sacar_un_pedazo
v,jetyvyro,sacudirse
v,kacha,sacudirse
v,ñuvaitĩ,salir_al_encuentro
v,japyhara,saltar_obstáculo
v,apo,salto
v,jepoity,saludar_con_la_mano
v,kuera,sanarse
v,resãi,sanarse
v,jovasa,santiguar­se
v,kuaa,sa­ber
v,hagẽ,se_apura
v,haguyno,se_descompone
v,oje'e,se_dice
v,hory,se_divierte
v,haguyrõ,se_enardece_sexualmente
v,haguyno,se_pudre
v,okái,se_quema
v,herakuã,se_rumorea
v,kã,secarse
v,piru,secarse
v,ñembopiru,secarse
v,ho'ẽ,segrega
v,guapy,sentar_la_comida_o_bebida
v,guapy,sentarse
v,jetu'u,sentarse_en_cuclillas
v,ñemoakambyjái,sentarse_en_cuclillas
v,jeguaru,sentir_repugnancia
v,jepe'a,separarse
v,jopoi,separarse
v,jueja,separarse
v,jereroja,ser_acarreado
v,ñemongora,ser_acorralado
v,jererohory,ser_agasajado
v,ja'e,ser_amigo
v,jepykua,ser_atado_de_pies
v,ka'u,ser_borracho
v,japokuaa,ser_capaz
v,je'u,ser_comido
v,jejajura'o,ser_degollado
v,ñemoingoe,ser_diferente
v,sénte,ser_egoísta
v,ñembou,ser_enviado
v,ñemosẽ,ser_expulsado
v,jejapi,ser_herido
v,japokuaa,ser_hábil
v,ha'ete,ser_igual_a
v,joja,ser_iguales
v,moakãratĩ,ser_infiel
v,mirĩ,ser_miedoso
v,jejuka,ser_muerto
v,jero,ser_quisquilloso
v,ñemongora,ser_sitiado
v,háma,ser_su_turno
v,kumbe,ser_tartamudo
v,jererova,ser_trasladado
v,tĩ,ser_tímido
v,vale,ser_valiente
v,vale,ser_útil
v,apyryve,serenarse
v,kytĩ,serruchar
v,jeko,servirse_de
v,jepoko,servirse_de
v,he'ise,significa
v,pu'aka,sobreponerse
v,py'apopo,sobresaltarse
v,ñemondýi,sobresaltarse
v,pytuho,sofocarse
v,ha'e,sois
v,pukapo,soltar_la_risa
v,jepoi,soltarse
v,jera,soltarse
v,kúi,soltarse
v,so,soltarse
v,ñeakãity,someterse
v,ha'e,somos
v,ha'e,son
v,chini,sonar_un_cascabel
v,ñambyvo,sonarse_la_nariz
v,tĩ,sonrojarse
v,jepeju_s,soplarse
v,ha'e,sos
v,pytu'u,sosegarse
v,jejoko,sostenerse
v,jepokói,sostenerse
v,ha'e,soy
v,pu'ã,sublevarse
v,ñepu'ã,sublevarse
v,pyte,succionar
v,ñembuekovia,sucederse
v,ñembyekovia,sucederse
v,hy'ái,suda
v,jejuka,suicidarse
v,jejoko,sujetarse
v,guy,sumergirse
v,ñapymi,sumergirse
v,ñembyekovia,sustituirse
v,kacha,tambalearse
v,vava,tambalearse
v,jeity,tenderse
v,ñeno,tenderse
v,vare'a,tener_apetito
v,mbyry'ái,tener_calor
v,remói,tener_comezón
v,chivivi,tener_diarrea
v,akãnundu,tener_fiebre
v,ro'y,tener_frío
v,rãi,tener_hambre
v,tái,tener_hambre
v,vare'a,tener_hambre
v,ñembyahýi,tener_hambre
v,memby,tener_hijos
v,jojói,tener_hipo
v,ñe'ẽjoja,tener_la_misma_opinión
v,tĩpa'ã,tener_las_fosas_nasales_obstruidas
v,ne,tener_mal_olor
v,rekove,tener_más
v,ahy'ojere,tener_náuseas
v,y'uhéi,tener_sed
v,ropehýi,tener_sueño
v,jerereko,tenerse
v,arapa,terminar_los_días
v,ñemomba,terminarse
v,mondyiha,terrible
v,hi'y,tiene_agua
v,herakuã,tiene_fama
v,hi'a,tiene_fruta
v,hague,tiene_pelos
v,japi,tirar_un_tiro
v,mbokapu,tirar_un_tiro
v,jeity,tirarse
v,jepoi,tirarse
v,ñemombo,tirarse
v,mohũmbyre,tiznado
v,havi'u,tocar_el_pelo
v,jogueraha,tolerarse
v,ho'u,toma_alimento_sólido_o_líquido
v,kay'u,tomar_mate
v,ka'ay'u,tomar_mate
v,poru,tomar_prestado
v,jepy'ajoko,tomar_un_bocado
v,jepopyhy,tomarse_las_manos
v,ñuaitĩ,toparse
v,tĩkutu,topetarse
v,ñakãmbota,topetarse
v,ñoakãmbota,topetarse
v,javyky,toquetear_los_órganos_sexuales
v,jajuvoka,torcer_el_cuello
v,jepoka,torcerse
v,karáu,torcerse
v,vã,torcerse
v,"ñemokarapã,_ñemokarẽ",torcerse
v,jejuvoka,torcerse_el_cuello
v,jetu'u,trabarse
v,tu'u,trabarse
v,mokaraiñe'ẽ,traducir_al_castellano
v,jetu'u,trancarse
v,pa'ã,trancarse
v,ambue,transformarse
v,ñembova,transformarse
v,ñemoambue,transformarse
v,va,trasladarse
v,guerova,trasla­dar
v,ho'ẽ,trasuda
v,sununu,tronar_fuerte_o_prolongadamente
v,ñepysanga,tropezar(se)
v,japaro,tumbarse
v,jeity,tumbarse
v,ñeno,tumbarse
v,ñetinga,tumbarse
v,jopyru,turnarse
v,ñembuekovia,turnarse
v,iko,ubicarse
v,ñemohenda,ubicarse
v,jero,ufanarse
v,ñembotuicha,ufanarse
v,ñemboai,ulcerarse
v,ñembuai,ulcerarse
v,joaju,unirse
v,joapy,unirse
v,joja,unirse
v,juapy,unirse
v,mopeteĩ,unirse
v,jepuru,usarse
v,oho,va
v,jaha,vamos
v,roho,vamos
v,jahapa,vamos_todos
v,ñembotuicha,vanagloriarse
v,pyta,vararse
v,ñetinga,vararse
v,reho,vas
v,eju,ven
v,jehepy,vengarse
v,jepy,vengarse
v,aju,vengo
v,jaju,venimos
v,roju,venimos
v,jepeju_s,ventilarse
v,ñemboyvytu,ventilarse
v,eju,vení
v,reju,venís
v,jecha,verse
v,juecha,verse
v,ñemonde,vestirse
v,tereho,vete
v,ou,viene
v,ou,vienen
v,peju,vienen_(ustedes)
v,reju,vienes
v,javeve,volamos
v,hekuavo,volcar_líquido
v,apajeréi,volcarse
v,japajeréi,volcarse
v,japaro,volcarse
v,ñakatĩparo,volcarse
v,ñetingaparo,voltearse
v,rojevy,volver_atrás
v,páy,volver_en_sí
v,joyvy,volver_la_cabeza
v,joyvy,volver_la_cara
v,ñembovayva,volver_la_cara_hacia_arriba
v,joyvy,volverse
v,aha,voy
v,hayta,yo)_nado
v,jehekýi,zafarse
v,jei,zafarse
